Optimizer,objfname,ExecutionTime,Iter1,Iter2,Iter3,Iter4,Iter5,Iter6,Iter7,Iter8,Iter9,Iter10,Iter11,Iter12,Iter13,Iter14,Iter15,Iter16,Iter17,Iter18,Iter19,Iter20,Iter21,Iter22,Iter23,Iter24,Iter25,Iter26,Iter27,Iter28,Iter29,Iter30,Iter31,Iter32,Iter33,Iter34,Iter35,Iter36,Iter37,Iter38,Iter39,Iter40,Iter41,Iter42,Iter43,Iter44,Iter45,Iter46,Iter47,Iter48,Iter49,Iter50,Iter51,Iter52,Iter53,Iter54,Iter55,Iter56,Iter57,Iter58,Iter59,Iter60,Iter61,Iter62,Iter63,Iter64,Iter65,Iter66,Iter67,Iter68,Iter69,Iter70,Iter71,Iter72,Iter73,Iter74,Iter75,Iter76,Iter77,Iter78,Iter79,Iter80,Iter81,Iter82,Iter83,Iter84,Iter85,Iter86,Iter87,Iter88,Iter89,Iter90,Iter91,Iter92,Iter93,Iter94,Iter95,Iter96,Iter97,Iter98,Iter99,Iter100,Iter101,Iter102,Iter103,Iter104,Iter105,Iter106,Iter107,Iter108,Iter109,Iter110,Iter111,Iter112,Iter113,Iter114,Iter115,Iter116,Iter117,Iter118,Iter119,Iter120,Iter121,Iter122,Iter123,Iter124,Iter125,Iter126,Iter127,Iter128,Iter129,Iter130,Iter131,Iter132,Iter133,Iter134,Iter135,Iter136,Iter137,Iter138,Iter139,Iter140,Iter141,Iter142,Iter143,Iter144,Iter145,Iter146,Iter147,Iter148,Iter149,Iter150,Iter151,Iter152,Iter153,Iter154,Iter155,Iter156,Iter157,Iter158,Iter159,Iter160,Iter161,Iter162,Iter163,Iter164,Iter165,Iter166,Iter167,Iter168,Iter169,Iter170,Iter171,Iter172,Iter173,Iter174,Iter175,Iter176,Iter177,Iter178,Iter179,Iter180,Iter181,Iter182,Iter183,Iter184,Iter185,Iter186,Iter187,Iter188,Iter189,Iter190,Iter191,Iter192,Iter193,Iter194,Iter195,Iter196,Iter197,Iter198,Iter199,Iter200,Iter201,Iter202,Iter203,Iter204,Iter205,Iter206,Iter207,Iter208,Iter209,Iter210,Iter211,Iter212,Iter213,Iter214,Iter215,Iter216,Iter217,Iter218,Iter219,Iter220,Iter221,Iter222,Iter223,Iter224,Iter225,Iter226,Iter227,Iter228,Iter229,Iter230,Iter231,Iter232,Iter233,Iter234,Iter235,Iter236,Iter237,Iter238,Iter239,Iter240,Iter241,Iter242,Iter243,Iter244,Iter245,Iter246,Iter247,Iter248,Iter249,Iter250,Iter251,Iter252,Iter253,Iter254,Iter255,Iter256,Iter257,Iter258,Iter259,Iter260,Iter261,Iter262,Iter263,Iter264,Iter265,Iter266,Iter267,Iter268,Iter269,Iter270,Iter271,Iter272,Iter273,Iter274,Iter275,Iter276,Iter277,Iter278,Iter279,Iter280,Iter281,Iter282,Iter283,Iter284,Iter285,Iter286,Iter287,Iter288,Iter289,Iter290,Iter291,Iter292,Iter293,Iter294,Iter295,Iter296,Iter297,Iter298,Iter299,Iter300,Iter301,Iter302,Iter303,Iter304,Iter305,Iter306,Iter307,Iter308,Iter309,Iter310,Iter311,Iter312,Iter313,Iter314,Iter315,Iter316,Iter317,Iter318,Iter319,Iter320,Iter321,Iter322,Iter323,Iter324,Iter325,Iter326,Iter327,Iter328,Iter329,Iter330,Iter331,Iter332,Iter333,Iter334,Iter335,Iter336,Iter337,Iter338,Iter339,Iter340,Iter341,Iter342,Iter343,Iter344,Iter345,Iter346,Iter347,Iter348,Iter349,Iter350,Iter351,Iter352,Iter353,Iter354,Iter355,Iter356,Iter357,Iter358,Iter359,Iter360,Iter361,Iter362,Iter363,Iter364,Iter365,Iter366,Iter367,Iter368,Iter369,Iter370,Iter371,Iter372,Iter373,Iter374,Iter375,Iter376,Iter377,Iter378,Iter379,Iter380,Iter381,Iter382,Iter383,Iter384,Iter385,Iter386,Iter387,Iter388,Iter389,Iter390,Iter391,Iter392,Iter393,Iter394,Iter395,Iter396,Iter397,Iter398,Iter399,Iter400,Iter401,Iter402,Iter403,Iter404,Iter405,Iter406,Iter407,Iter408,Iter409,Iter410,Iter411,Iter412,Iter413,Iter414,Iter415,Iter416,Iter417,Iter418,Iter419,Iter420,Iter421,Iter422,Iter423,Iter424,Iter425,Iter426,Iter427,Iter428,Iter429,Iter430,Iter431,Iter432,Iter433,Iter434,Iter435,Iter436,Iter437,Iter438,Iter439,Iter440,Iter441,Iter442,Iter443,Iter444,Iter445,Iter446,Iter447,Iter448,Iter449,Iter450,Iter451,Iter452,Iter453,Iter454,Iter455,Iter456,Iter457,Iter458,Iter459,Iter460,Iter461,Iter462,Iter463,Iter464,Iter465,Iter466,Iter467,Iter468,Iter469,Iter470,Iter471,Iter472,Iter473,Iter474,Iter475,Iter476,Iter477,Iter478,Iter479,Iter480,Iter481,Iter482,Iter483,Iter484,Iter485,Iter486,Iter487,Iter488,Iter489,Iter490,Iter491,Iter492,Iter493,Iter494,Iter495,Iter496,Iter497,Iter498,Iter499,Iter500
MVO,F1,11.64,66458.41,61168.32,56982.39,54417.08,51012.65,47794.66,44839.05,42367.38,39885.76,37864.51,35598.85,33495.19,31207.18,29480.96,27379.24,25720.95,24202.61,23408.17,21160.83,20527.94,19724.47,18402.09,17473.42,16983.22,16358.99,15526.25,15176.44,14729.13,14183.22,13731.65,13429.33,13175.55,12752.22,12456.18,12286.17,12004.26,11710.04,11384.53,11200.05,10891.67,10394.22,10211.63,9940.66,9524.7,9315.69,9163.89,8994.76,8763.6,8727.4,8536.58,8286.83,8200.71,8066.35,8032.0,7898.03,7698.6,7585.44,7307.85,7209.89,7079.54,6935.37,6877.22,6751.95,6639.95,6478.49,6339.1,6264.49,6109.33,6080.67,6060.08,5967.21,5842.34,5819.48,5765.24,5761.14,5738.49,5617.62,5510.54,5375.98,5305.81,5293.6,5264.06,5260.88,5179.01,5104.17,5101.59,4963.42,4885.89,4826.54,4826.54,4807.42,4704.91,4625.36,4611.6,4565.62,4466.08,4360.56,4297.55,4274.96,4165.96,4156.59,4015.95,3988.83,3967.08,3916.37,3865.1,3865.1,3856.35,3816.29,3765.79,3758.43,3739.76,3734.59,3681.6,3660.4,3630.53,3588.63,3551.5,3542.92,3529.65,3507.38,3418.8,3377.55,3349.73,3343.29,3265.42,3263.92,3236.13,3210.23,3209.04,3198.56,3173.4,3146.04,3104.75,3093.17,3026.48,3026.48,2997.8,2948.54,2913.73,2887.46,2851.57,2847.72,2825.2,2789.57,2763.19,2672.29,2634.17,2520.05,2517.05,2502.96,2477.41,2445.72,2432.93,2408.4,2406.75,2406.75,2396.8,2289.42,2289.42,2277.6,2271.69,2271.69,2242.71,2238.31,2206.93,2203.38,2176.31,2176.31,2101.27,2081.17,2064.57,2052.37,2039.69,2034.83,2034.83,2032.9,2028.91,2003.82,2002.63,2002.17,1971.75,1964.33,1943.4,1911.32,1911.32,1886.29,1874.51,1846.56,1846.56,1829.46,1815.86,1791.14,1769.82,1757.48,1726.02,1719.7,1703.55,1671.32,1651.2,1650.38,1639.89,1636.19,1630.49,1621.66,1614.69,1596.93,1574.34,1574.34,1545.83,1533.49,1525.67,1524.51,1498.21,1473.32,1462.29,1451.71,1436.91,1418.79,1398.12,1398.12,1372.72,1359.82,1357.24,1357.24,1357.24,1348.04,1333.32,1303.31,1300.58,1298.54,1293.96,1278.74,1269.55,1268.94,1246.35,1243.25,1235.11,1233.62,1230.29,1216.22,1209.48,1195.44,1185.59,1174.63,1169.55,1165.94,1152.47,1144.78,1136.95,1118.64,1108.58,1099.08,1090.33,1088.77,1078.86,1060.06,1054.53,1032.71,1017.04,1013.01,1013.01,1009.01,1003.28,995.45,994.56,985.77,982.78,973.42,931.2,904.9,896.48,890.65,883.75,874.83,859.26,851.03,834.11,828.79,811.86,804.66,803.94,796.58,791.0,777.24,772.11,759.59,751.46,734.72,723.02,715.28,715.28,714.52,699.46,697.0,686.87,678.28,669.96,659.19,656.86,652.42,641.25,636.71,635.44,623.94,622.4,614.65,608.4,601.63,591.18,586.25,586.25,582.27,576.68,574.57,555.81,548.07,543.15,535.93,527.57,521.84,512.41,506.57,494.27,486.76,484.56,477.84,472.61,469.09,467.82,465.64,464.15,457.2,451.81,442.52,441.31,440.33,431.65,426.89,418.99,411.3,407.13,394.17,385.46,382.18,375.98,366.03,364.7,358.06,353.05,344.12,339.77,333.32,326.56,318.23,312.53,308.15,305.85,304.3,301.72,294.41,293.11,286.71,282.27,279.29,275.83,272.76,270.73,265.02,258.76,256.44,252.93,251.39,245.89,243.89,241.46,240.22,233.93,232.21,225.68,220.22,216.18,214.83,211.93,202.74,201.79,198.25,193.33,187.45,184.76,180.14,177.14,175.71,175.71,171.57,169.01,166.72,160.21,156.38,153.0,152.51,150.04,148.54,145.48,142.46,139.54,135.55,132.96,130.38,129.81,127.64,124.36,118.2,116.69,113.55,112.41,110.02,106.37,104.42,103.99,100.9,97.44,95.48,92.77,90.59,88.32,87.44,86.47,85.64,85.09,82.86,80.64,77.59,75.64,72.97,71.81,70.31,67.74,65.81,64.38,62.16,60.42,58.88,57.14,54.68,53.38,50.93,48.83,46.72,44.95,43.43,41.73,40.56,39.29,38.27,36.55,35.73,34.22,33.41,32.38,31.86,30.87,29.03,27.53,25.62,24.75,23.69,22.83,21.5,19.9,19.08,17.94,16.91,15.83,14.81,14.06,13.18,12.46,11.49,10.73,9.86,9.16,8.63,7.84,7.18,6.37,5.78,5.21,4.66,4.11,3.61,3.22,2.84,2.46,2.15,1.92,1.69,1.47,1.34,1.26
MVO,F2,11.62,6871428533134.91,1378890801179.23,208942441900.3,153559453989.1,80205575589.63,16229737468.51,15789403282.45,7315081751.28,7036005253.04,6937914514.36,2792352111.05,1501515844.56,603412794.61,588436357.67,111041787.4,57834224.7,48109890.93,10211217.7,9926772.16,9269057.11,7663764.71,6521410.31,5415144.89,5368275.52,4970770.99,4917588.83,4852824.74,4832109.72,4690918.5,4688941.36,4447018.28,4366805.41,4366238.36,4353289.52,4353223.05,4068554.3,4061496.68,2424997.32,2424824.67,2424622.16,2424620.2,2424128.4,2420558.05,2419181.45,2341530.06,2329700.55,176881.77,145535.95,124280.61,117342.9,115051.22,115046.93,114998.07,114945.74,83906.61,83875.52,83486.04,81779.07,72202.82,71991.14,1224.71,1203.47,1203.11,1202.6,1155.43,1155.35,1040.53,1017.89,1004.19,965.43,963.27,796.51,792.72,791.12,698.09,675.96,427.01,406.77,381.83,345.05,341.83,340.57,339.58,338.68,337.81,337.36,336.76,252.01,247.91,247.72,201.52,201.46,105.48,103.37,102.14,102.05,101.8,101.54,101.31,101.25,100.81,100.07,99.89,99.59,99.31,93.85,93.62,93.23,93.12,92.67,88.03,87.51,85.7,85.4,85.33,84.88,84.33,83.55,83.09,83.05,80.72,80.23,79.92,79.51,79.17,78.77,76.69,76.57,75.85,75.18,74.81,74.54,73.67,71.53,70.65,66.78,66.49,66.31,65.81,65.52,65.05,64.73,63.91,63.46,63.08,62.66,62.37,61.91,61.63,61.09,60.73,60.22,59.8,59.57,59.04,58.82,58.51,57.78,57.73,57.45,56.91,56.43,56.07,55.56,55.01,54.66,54.15,53.68,53.28,52.91,52.33,52.0,51.65,51.23,50.61,49.97,49.54,49.35,49.01,48.49,48.14,47.75,47.41,46.94,46.56,46.14,46.01,45.7,45.4,45.03,44.74,44.46,44.03,43.63,43.26,43.22,43.09,42.77,42.27,42.03,41.52,41.37,41.18,40.75,40.62,40.01,39.84,39.53,39.35,39.15,38.98,38.66,38.45,38.03,37.8,37.64,37.54,37.47,37.29,37.04,36.87,36.75,36.55,36.46,36.19,36.12,35.86,35.58,35.36,35.26,35.2,35.08,34.89,34.77,34.72,34.63,34.46,34.15,33.9,33.74,33.41,33.2,32.92,32.78,32.63,32.54,32.37,32.23,31.89,31.69,31.59,31.42,31.27,31.18,31.13,30.89,30.71,30.49,30.13,29.97,29.72,29.53,29.46,29.32,29.15,28.92,28.64,28.24,28.06,27.96,27.76,27.46,27.35,27.24,27.09,26.95,26.65,26.32,26.15,26.01,25.79,25.59,25.42,25.28,25.12,25.05,24.73,24.59,24.15,24.0,23.92,23.77,23.62,23.47,23.31,23.24,23.05,22.89,22.76,22.51,22.22,22.07,21.7,21.53,21.39,21.13,20.67,20.46,20.4,20.29,20.06,19.83,19.6,19.37,19.19,18.97,18.84,18.62,18.55,18.41,18.22,18.1,17.94,17.76,17.69,17.55,17.37,17.3,17.16,16.96,16.69,16.56,16.36,16.22,16.06,15.86,15.8,15.68,15.53,15.5,15.31,15.22,15.13,14.99,14.86,14.57,14.47,14.39,14.29,14.21,14.08,13.94,13.74,13.5,13.36,13.23,13.12,12.93,12.8,12.79,12.63,12.53,12.52,12.4,12.32,12.25,12.16,12.13,12.02,11.96,11.84,11.77,11.73,11.72,11.67,11.61,11.53,11.46,11.39,11.37,11.33,11.28,11.21,11.17,11.13,11.1,11.06,10.97,10.93,10.87,10.82,10.66,10.63,10.31,10.22,10.17,10.1,10.02,9.91,9.9,9.84,9.77,9.69,9.64,9.57,9.51,9.49,9.44,9.41,9.32,9.31,9.26,9.19,9.13,9.1,9.01,8.94,8.88,8.83,8.74,8.68,8.58,8.54,8.43,8.38,8.33,8.26,8.22,8.19,8.14,8.07,8.0,7.9,7.83,7.81,7.75,7.68,7.58,7.5,7.46,7.41,7.35,7.32,7.29,7.27,7.19,7.15,7.11,7.07,7.02,6.99,6.9,6.84,6.74,6.67,6.61,6.57,6.53,6.49,6.45,6.37,6.34,6.26,6.17,6.11,6.08,6.03,6.0,5.95,5.91,5.83,5.78,5.73,5.68,5.58,5.52,5.44,5.4,5.34,5.27,5.2,5.14,5.04,5.0,4.92,4.85,4.82,4.76,4.69,4.64,4.58,4.52,4.47,4.41,4.36,4.32,4.27,4.24,4.21,4.19
MVO,F3,13.17,149005.01,117215.22,102171.68,94825.65,87599.45,80530.89,76881.39,74517.66,71278.47,68972.58,66987.5,65494.67,62968.88,61943.54,60009.56,58258.73,56562.27,55387.1,53051.12,50994.49,49038.7,48266.36,47473.48,46132.18,45019.03,44571.61,43783.85,43017.83,42449.32,41991.27,41466.34,40675.33,40053.38,39816.69,39021.76,38573.6,38543.9,37684.02,37494.49,36911.76,36600.27,36176.88,35797.7,35417.55,35057.99,35049.95,34532.98,33641.06,33368.86,33081.55,32570.63,32500.12,32256.03,31884.87,31175.82,30892.56,30823.56,30368.8,30258.77,30092.38,29781.93,29421.27,29050.41,28885.08,28754.09,28501.06,28096.85,27811.76,27463.76,27189.87,26886.25,26635.03,26524.29,26433.26,26359.36,26062.64,25850.87,25594.57,25359.55,25269.24,24875.56,24521.65,24287.55,24270.24,24143.17,23800.06,23537.51,23478.31,23364.47,23133.55,23133.55,22824.41,22692.09,22557.65,22492.8,22492.8,22278.45,22223.01,22158.5,22037.34,21737.66,21737.66,21453.49,21408.85,21139.11,20994.25,20861.78,20819.87,20670.72,20667.56,20220.66,20112.63,19965.24,19864.72,19541.47,19305.22,19190.05,19099.65,19094.9,18888.02,18795.16,18632.74,18491.5,18390.55,18213.41,18186.06,17995.21,17655.48,17553.61,17546.14,17288.19,17259.0,16864.17,16654.71,16444.27,16390.32,16233.51,16024.6,15974.59,15736.55,15608.58,15517.3,15426.7,15272.18,15136.77,15035.43,14896.15,14743.33,14601.89,14536.55,14498.71,14451.19,14413.71,14133.47,14000.4,13869.23,13736.42,13566.44,13505.73,13461.24,13449.54,13389.12,13283.82,13227.72,13218.97,13113.78,12988.22,12929.1,12852.64,12832.86,12700.77,12688.47,12480.56,12427.24,12337.83,12187.89,12170.39,12164.84,11922.9,11756.24,11730.17,11602.65,11499.17,11489.2,11411.28,11260.52,11161.46,10981.54,10926.24,10800.09,10712.91,10495.52,10375.71,10329.18,10260.13,10200.19,10107.93,10047.28,9942.15,9837.9,9769.07,9712.2,9639.56,9571.11,9539.17,9467.27,9432.5,9387.77,9272.17,9175.15,9107.63,9018.74,8943.1,8929.81,8846.4,8731.5,8675.38,8605.99,8588.34,8457.01,8317.57,8228.76,8150.06,7973.61,7945.19,7840.43,7735.04,7695.09,7595.2,7545.37,7516.95,7484.57,7461.73,7444.3,7403.1,7385.22,7323.8,7252.41,7223.81,7213.2,7119.52,6997.85,6981.48,6919.56,6901.3,6855.61,6830.95,6815.15,6743.82,6699.43,6686.62,6666.08,6559.06,6438.11,6366.3,6268.6,6243.71,6191.49,6141.99,6056.95,6031.76,5988.25,5881.58,5816.54,5773.83,5726.26,5669.69,5563.16,5472.77,5429.16,5392.93,5292.31,5217.91,5189.35,5089.47,5034.45,4987.6,4932.98,4906.09,4837.0,4828.18,4816.16,4809.37,4734.47,4669.39,4648.21,4590.73,4573.38,4546.69,4524.35,4468.99,4399.55,4391.12,4348.44,4290.58,4226.49,4208.8,4173.11,4143.25,4100.42,4064.3,4011.73,3934.4,3868.54,3820.41,3790.5,3746.2,3725.38,3676.82,3649.67,3613.88,3547.75,3490.92,3459.52,3421.59,3382.52,3355.97,3339.2,3319.31,3302.41,3262.25,3226.87,3203.69,3152.14,3141.7,3123.63,3105.05,3055.43,3025.04,2993.19,2931.86,2886.45,2871.04,2843.27,2822.23,2817.21,2787.91,2742.73,2732.48,2716.38,2690.67,2665.99,2651.15,2609.23,2579.59,2559.98,2520.24,2472.88,2447.57,2411.21,2372.48,2360.89,2337.54,2312.04,2304.76,2304.76,2275.65,2243.17,2225.8,2219.98,2205.69,2183.43,2155.8,2120.34,2101.17,2069.48,2060.67,2034.28,2017.88,1990.28,1959.08,1933.43,1924.6,1885.33,1840.25,1806.25,1778.06,1763.75,1739.03,1720.43,1693.66,1656.06,1619.01,1604.91,1598.23,1581.79,1557.55,1537.8,1515.09,1499.18,1464.66,1435.85,1411.14,1403.68,1393.87,1376.25,1362.04,1335.75,1334.57,1311.14,1306.01,1286.34,1265.15,1241.12,1228.34,1212.33,1199.34,1185.39,1173.42,1165.18,1155.94,1147.36,1133.53,1107.63,1089.99,1076.1,1050.93,1031.34,1013.73,994.13,973.87,950.79,937.77,927.85,918.29,902.85,888.12,879.24,857.43,842.06,834.15,821.38,810.54,795.7,784.19,769.64,750.35,743.61,726.36,712.68,701.85,697.43,680.29,664.53,646.84,635.73,623.34,613.56,603.22,592.8,584.78,569.02,562.86,550.45,539.45,530.5,519.71,506.7,497.53,489.16,478.79,469.19,460.22,447.94,440.19,433.76,427.04,417.02,408.43,402.27,390.76,381.64,371.13,360.39,354.32,345.17,336.49,329.09,316.36,308.36,299.85,293.1,288.02,279.43,273.47,267.3,261.38,255.65,250.51,245.06,241.17,236.65,232.91,229.65,226.43,223.6,221.34,219.44,218.18,217.52
MVO,F4,11.61,87.11,86.04,84.91,83.63,83.29,82.33,81.74,80.9,80.35,79.94,79.27,78.18,77.29,76.12,75.61,75.22,74.67,73.7,72.45,71.75,71.03,70.22,69.22,68.45,68.3,67.82,67.24,66.47,65.71,65.36,64.71,64.04,63.59,62.16,61.64,61.13,60.46,59.63,58.73,58.04,57.79,57.58,57.55,57.05,56.69,56.41,55.85,55.22,54.87,54.6,53.84,53.44,52.55,52.0,51.39,50.58,50.38,49.94,49.49,49.13,48.64,48.06,47.9,47.58,47.3,46.56,46.22,45.7,45.38,45.06,44.8,44.52,44.34,44.17,43.94,43.57,43.39,43.03,42.5,42.3,42.04,42.0,41.9,41.75,41.47,41.07,40.85,40.67,40.64,40.6,39.99,39.81,39.15,38.82,38.77,38.53,38.29,38.06,37.76,37.39,37.17,37.04,36.93,36.87,36.81,36.35,36.2,35.86,35.58,35.42,35.02,34.95,34.69,34.4,34.18,34.18,34.17,34.1,33.95,33.7,33.43,33.42,33.21,33.0,32.83,32.57,32.2,32.1,31.96,31.84,31.72,31.64,31.44,31.34,31.08,30.95,30.86,30.85,30.49,30.34,30.0,29.98,29.92,29.64,29.4,29.15,29.08,29.03,28.97,28.97,28.85,28.76,28.44,28.3,28.17,28.04,27.96,27.79,27.7,27.48,27.34,27.3,27.02,26.83,26.78,26.56,26.49,26.44,26.05,25.94,25.84,25.77,25.58,25.43,25.23,25.12,24.91,24.76,24.49,24.39,24.39,24.33,24.18,24.16,23.9,23.8,23.59,23.58,23.46,23.31,23.23,23.15,23.03,22.81,22.74,22.66,22.62,22.51,22.17,22.17,22.09,22.04,22.04,22.01,21.83,21.73,21.69,21.66,21.56,21.46,21.21,21.05,20.94,20.84,20.57,20.28,20.1,20.06,20.0,19.98,19.98,19.94,19.74,19.53,19.51,19.4,19.32,19.15,19.07,18.99,18.92,18.8,18.74,18.62,18.47,18.47,18.47,18.43,18.27,18.08,17.91,17.83,17.73,17.71,17.59,17.53,17.47,17.37,17.31,17.25,17.22,17.16,17.08,17.01,16.94,16.88,16.77,16.62,16.59,16.42,16.41,16.41,16.26,16.1,16.0,15.95,15.89,15.79,15.75,15.66,15.48,15.39,15.13,15.07,15.03,14.96,14.96,14.96,14.92,14.88,14.78,14.7,14.69,14.65,14.59,14.47,14.43,14.28,14.15,14.02,13.96,13.89,13.8,13.76,13.7,13.67,13.64,13.46,13.37,13.31,13.29,13.25,13.2,12.96,12.83,12.66,12.66,12.66,12.6,12.44,12.32,12.24,12.19,12.16,12.13,12.07,12.06,12.01,11.93,11.89,11.83,11.71,11.69,11.6,11.51,11.49,11.48,11.47,11.43,11.34,11.33,11.3,11.27,11.22,11.17,11.15,11.0,10.98,10.92,10.92,10.9,10.9,10.88,10.87,10.77,10.71,10.64,10.62,10.59,10.43,10.32,10.3,10.2,10.18,10.09,10.08,10.01,9.88,9.76,9.67,9.61,9.5,9.44,9.38,9.34,9.27,9.2,9.17,9.05,8.99,8.95,8.93,8.81,8.77,8.61,8.6,8.59,8.56,8.53,8.51,8.46,8.43,8.39,8.31,8.2,8.14,8.11,8.08,8.05,7.99,7.99,7.96,7.83,7.77,7.72,7.59,7.55,7.53,7.5,7.47,7.39,7.36,7.27,7.24,7.21,7.15,7.11,7.1,7.04,6.98,6.94,6.92,6.88,6.79,6.75,6.69,6.57,6.48,6.38,6.34,6.32,6.3,6.24,6.16,6.06,6.03,6.01,5.96,5.94,5.88,5.82,5.73,5.66,5.57,5.46,5.36,5.33,5.31,5.26,5.19,5.09,5.05,4.97,4.91,4.83,4.79,4.75,4.63,4.55,4.49,4.44,4.36,4.33,4.29,4.2,4.16,4.1,4.05,4.0,3.98,3.91,3.87,3.85,3.81,3.74,3.71,3.65,3.6,3.57,3.49,3.44,3.4,3.37,3.32,3.27,3.24,3.17,3.1,3.08,3.03,2.99,2.94,2.91,2.88,2.83,2.79,2.73,2.69,2.64,2.59,2.54,2.5,2.45,2.41,2.37,2.34,2.3,2.26,2.24,2.23
MVO,F5,11.86,244096533.32,218490903.16,198462934.18,180789731.41,164876557.31,148381515.03,135506041.76,126015250.06,113658665.86,104150313.07,93486631.34,85818185.42,76418459.6,71437854.78,66803522.58,62650813.1,58170760.58,54918589.71,47521286.25,43817836.28,41055447.68,38776209.7,34800010.01,31201542.49,28928492.15,26497336.66,25422336.51,23580228.28,20953939.14,19460212.73,17454623.67,16020724.04,15034732.18,14429923.34,13442270.77,12585868.71,11670698.16,10921338.25,10068361.82,9737001.78,9035030.7,8570132.1,8071180.99,7542186.63,7126315.45,6761426.44,6597481.51,6385077.92,6092650.31,5824545.22,5728751.29,5346162.96,5127845.51,5019781.69,4882111.37,4811365.82,4672345.94,4554716.01,4421508.9,4268599.67,4151901.62,4060618.0,3819420.19,3584613.96,3446808.64,3278080.04,3058596.14,3025989.55,2994102.94,2935071.35,2913398.99,2842665.64,2801718.6,2712287.16,2591745.77,2458059.57,2434752.74,2414407.54,2336411.5,2296336.07,2225262.93,2168493.95,2134295.05,2084169.14,2059432.24,2040309.42,1965500.13,1941905.89,1935128.22,1935128.22,1845105.33,1807323.5,1763861.05,1747441.01,1725194.6,1685000.78,1653811.08,1606041.02,1525177.09,1495785.12,1460633.99,1370033.21,1335223.25,1302577.87,1228914.01,1190175.47,1167539.97,1119596.35,1094438.78,1089280.52,1087660.21,1065362.41,1041319.39,1005567.07,999424.25,970780.72,955335.08,941612.55,922034.77,919782.89,898783.96,870232.11,870076.74,851936.65,845681.04,833086.37,833086.37,825983.44,815172.84,793974.79,790929.37,771716.66,756265.12,744471.45,744471.45,744471.45,726446.55,726206.75,720680.84,707160.84,687831.64,679710.12,666647.53,664650.7,648595.35,612470.47,610717.87,603477.93,602215.22,588123.33,582158.34,573538.58,561515.65,557657.62,540938.33,528049.6,524702.95,521065.22,519707.67,513203.68,493386.96,490041.54,476928.62,464163.32,448556.94,436941.0,408961.06,390474.57,388104.39,384301.68,377797.37,377797.37,371935.22,368694.11,361568.11,359973.02,353854.44,347296.55,346838.4,332461.22,320051.84,316675.62,307313.49,297598.14,294289.72,287713.04,276200.3,269793.67,265525.28,265525.28,263053.77,261775.46,261621.96,259298.29,256875.73,245437.39,242176.41,236263.29,228556.59,228556.59,223961.16,219899.02,216701.92,213644.63,212552.86,209031.37,200070.92,199814.38,197470.31,196675.22,194276.42,190524.57,190009.59,188866.86,182033.8,181537.55,179996.92,174045.16,171682.2,168915.7,168915.7,168577.54,161064.32,157394.36,153952.16,150642.01,149016.42,148302.62,144499.74,141770.32,139500.41,138500.45,137739.97,137281.72,136909.67,134679.79,131500.16,129259.41,129259.41,128221.6,124764.7,122450.23,121440.38,117381.65,116582.06,115688.87,115478.74,114108.41,112496.14,111656.5,109898.41,108305.63,106382.89,105144.05,103220.4,101754.36,101206.74,99805.18,97763.15,96544.3,94762.51,93756.36,92610.28,91381.82,88766.71,88290.78,85921.48,85068.26,82373.11,80942.95,79088.45,78987.49,77514.49,75683.4,75171.58,73923.83,73347.61,71231.99,69254.73,66364.98,65426.83,64315.41,61703.13,60497.99,60262.59,59250.01,58542.61,57171.08,56810.98,56150.88,55204.5,54611.76,52192.49,50989.93,50147.37,49706.13,48201.7,47334.32,46849.04,45799.95,45573.17,45457.83,45360.13,43346.26,43022.27,42122.35,41433.94,40279.78,39520.35,38159.36,37250.83,36999.01,36505.69,36041.7,36015.47,35344.07,34661.48,34572.75,33101.1,32609.6,32329.91,31177.71,31106.5,30562.83,30314.08,29308.13,28990.62,28422.92,28155.05,27388.09,26472.54,25488.79,24887.85,24267.33,23685.33,22857.91,21992.29,21478.31,20991.23,20526.16,20091.82,20011.74,19788.84,19144.08,18684.6,18291.62,18107.91,17344.72,17282.87,16933.93,16283.08,15736.84,15482.45,14978.2,14274.04,14273.28,14100.59,14091.52,14039.6,13566.81,13364.75,13199.8,12805.74,12660.54,12330.43,12149.62,12057.29,11710.66,11546.7,11314.69,10988.0,10795.53,10613.16,10410.26,10176.2,10052.39,9784.73,9683.29,9406.42,9042.56,8616.43,8433.87,8400.82,8165.48,8001.26,7967.19,7860.56,7818.26,7578.24,7341.44,7007.51,6845.85,6770.57,6526.4,6344.22,6142.83,5989.79,5866.36,5755.47,5737.68,5690.66,5461.65,5114.84,5106.97,4997.77,4804.83,4636.31,4538.94,4396.18,4216.23,4216.06,4097.6,3925.33,3806.06,3696.68,3633.23,3498.81,3377.31,3355.41,3300.83,3225.52,3135.34,3067.5,2986.27,2876.14,2794.04,2618.27,2572.62,2567.35,2462.18,2408.76,2333.26,2333.2,2264.59,2187.33,2147.23,2076.3,2038.7,1989.4,1921.72,1876.29,1843.98,1804.92,1763.54,1695.73,1645.38,1569.57,1504.36,1445.02,1415.99,1374.21,1338.72,1302.7,1287.02,1260.88,1234.72,1198.42,1173.19,1124.8,1100.13,1057.12,1025.59,1002.36,966.25,949.13,924.97,899.51,880.37,862.03,853.38,840.18,805.0,787.74,758.13,739.78,716.4,699.22,685.2,677.33,655.21,639.4,628.16,609.76,594.46,586.25,574.42,564.34,549.85,539.72,528.22,519.34,511.58,504.53,497.95,491.09,485.45,480.65,476.59,474.1,472.72
MVO,F6,11.72,67551.35,62509.77,59024.56,55402.05,51957.07,49292.24,45006.18,42789.35,39916.53,36983.2,34890.61,33146.66,31113.51,29056.05,27188.83,25437.73,23787.58,22868.66,22007.98,21151.28,20419.08,19520.35,18542.44,17757.21,16974.16,16374.64,15772.86,15314.11,14921.06,13944.48,13626.56,13101.22,12438.61,12068.22,11770.25,11383.8,11137.53,10978.87,10783.2,10435.24,9914.53,9640.39,9474.88,9194.43,9016.9,8979.64,8694.15,8479.1,8103.46,7969.15,7825.32,7723.8,7441.83,7317.91,7286.73,7252.63,7206.83,7140.06,7027.48,6978.61,6757.38,6635.77,6542.29,6478.38,6461.44,6394.24,6235.19,6174.6,6119.8,5992.95,5954.48,5908.46,5776.48,5705.44,5579.22,5520.61,5474.67,5388.48,5309.75,5235.21,5156.44,5146.4,5132.67,5118.93,5060.42,5001.04,4971.98,4928.5,4829.76,4765.94,4760.33,4738.48,4625.12,4605.08,4605.08,4547.4,4541.96,4492.73,4463.57,4414.04,4401.75,4387.23,4368.53,4269.05,4231.17,4198.71,4104.74,4063.25,3981.91,3975.22,3967.19,3927.12,3836.06,3790.46,3751.09,3636.67,3564.66,3517.8,3511.83,3487.45,3472.8,3466.96,3405.45,3395.94,3376.83,3351.08,3294.92,3284.3,3250.38,3245.08,3204.8,3177.82,3162.88,3127.38,3122.79,3122.79,3104.55,3098.74,3055.78,3014.33,2975.02,2946.2,2911.37,2902.23,2821.17,2810.67,2804.48,2790.61,2770.63,2748.24,2688.16,2632.96,2555.86,2538.16,2538.16,2527.74,2475.93,2475.21,2474.71,2420.45,2399.32,2399.32,2386.25,2373.06,2370.93,2370.93,2349.15,2315.83,2313.06,2299.8,2255.99,2204.25,2204.25,2196.62,2175.88,2172.8,2126.6,2046.82,2034.17,2021.32,1989.63,1983.57,1979.74,1973.33,1955.41,1927.05,1927.05,1891.16,1881.95,1881.95,1862.5,1836.2,1829.31,1796.57,1784.18,1776.31,1774.03,1758.77,1747.45,1721.96,1712.66,1712.66,1701.4,1672.9,1666.96,1644.7,1598.07,1574.08,1568.66,1556.28,1548.69,1534.27,1519.78,1517.07,1500.58,1492.88,1492.88,1473.15,1459.17,1430.02,1410.49,1372.31,1371.13,1361.94,1351.97,1347.8,1333.9,1324.4,1316.09,1288.49,1288.49,1278.3,1262.76,1257.16,1248.56,1244.21,1236.57,1232.88,1223.12,1206.61,1200.81,1189.25,1180.89,1168.68,1153.81,1144.55,1137.67,1126.33,1122.73,1119.89,1117.35,1110.48,1098.75,1094.59,1081.43,1069.35,1045.89,1040.68,1031.5,1023.74,1020.99,1005.85,991.72,981.6,962.35,955.26,953.8,945.11,933.08,909.28,902.6,895.13,876.51,874.81,871.88,852.82,849.07,840.74,824.28,814.93,805.22,793.74,781.36,764.86,761.22,742.66,733.73,726.51,721.92,716.17,703.83,695.81,679.87,678.83,670.25,666.81,656.96,653.94,650.13,639.33,631.83,628.95,620.7,615.05,605.87,600.23,597.59,588.98,582.29,573.09,556.08,553.03,546.2,536.35,528.56,514.09,511.39,502.54,498.52,495.52,489.69,481.84,479.88,478.37,469.53,464.95,460.45,455.93,446.53,442.01,438.89,433.01,422.48,418.96,412.53,409.01,405.26,405.26,404.33,403.46,402.53,396.31,379.3,374.61,370.91,366.24,356.51,349.12,339.37,338.22,330.13,323.97,314.18,312.46,305.42,300.07,295.75,293.68,285.55,278.52,275.66,274.88,273.43,273.29,269.88,267.85,263.53,257.03,256.85,254.88,250.87,247.68,245.5,241.04,240.68,240.67,233.71,232.39,225.14,224.88,222.08,220.86,219.81,218.13,213.32,210.51,207.38,204.9,198.69,194.94,191.28,189.78,186.78,184.23,178.08,172.51,168.71,165.89,163.82,162.42,158.96,154.09,152.37,149.24,147.3,143.91,142.2,140.54,136.16,133.55,130.79,129.31,126.88,121.43,118.95,115.56,113.39,111.63,109.62,105.44,103.34,100.91,98.85,94.0,90.24,86.85,83.04,80.83,78.76,76.83,74.42,73.06,71.11,69.33,68.03,67.53,66.69,64.96,62.94,60.55,57.95,56.97,54.46,53.46,50.92,49.48,48.5,46.8,45.31,43.4,41.91,40.56,39.68,38.22,36.97,35.96,34.43,33.32,32.45,31.25,29.16,27.92,26.58,25.82,25.11,23.87,22.08,21.15,20.23,19.4,18.42,16.77,15.57,15.1,14.19,13.44,12.36,11.88,11.32,10.38,9.68,8.81,8.31,7.58,7.09,6.37,5.84,5.13,4.63,4.17,3.64,3.19,2.84,2.46,2.16,1.84,1.59,1.43,1.3,1.22
MVO,F7,10.95,117.73,105.63,93.12,82.97,77.17,66.57,61.11,56.45,52.83,46.24,42.41,39.45,35.27,33.75,31.46,28.69,25.66,23.35,21.82,20.22,19.51,17.67,16.08,14.32,13.38,12.95,12.19,11.29,10.35,9.54,9.21,8.48,7.69,7.26,7.01,6.85,6.63,6.49,6.19,5.71,5.5,5.24,4.96,4.66,4.31,4.07,3.81,3.65,3.45,3.41,3.31,3.24,3.13,2.98,2.79,2.72,2.67,2.6,2.59,2.51,2.41,2.38,2.35,2.31,2.24,2.17,2.12,2.07,1.96,1.95,1.94,1.91,1.84,1.81,1.76,1.69,1.66,1.62,1.6,1.58,1.55,1.51,1.43,1.41,1.37,1.34,1.32,1.31,1.27,1.22,1.19,1.17,1.14,1.13,1.09,1.06,1.03,1.02,1.0,0.98,0.98,0.97,0.95,0.94,0.92,0.91,0.9,0.88,0.88,0.87,0.83,0.8,0.79,0.76,0.74,0.73,0.73,0.72,0.72,0.7,0.7,0.7,0.69,0.68,0.65,0.64,0.64,0.63,0.63,0.62,0.6,0.59,0.57,0.56,0.53,0.53,0.53,0.52,0.5,0.49,0.49,0.48,0.48,0.48,0.48,0.47,0.47,0.47,0.46,0.45,0.45,0.44,0.43,0.42,0.42,0.42,0.41,0.41,0.41,0.41,0.41,0.4,0.4,0.4,0.4,0.39,0.39,0.38,0.38,0.37,0.37,0.37,0.37,0.37,0.37,0.37,0.37,0.36,0.36,0.36,0.36,0.36,0.36,0.36,0.35,0.35,0.35,0.34,0.34,0.34,0.34,0.33,0.33,0.32,0.32,0.31,0.3,0.3,0.3,0.29,0.29,0.29,0.28,0.28,0.28,0.28,0.28,0.27,0.27,0.27,0.27,0.26,0.26,0.26,0.26,0.25,0.25,0.25,0.24,0.24,0.24,0.23,0.23,0.23,0.23,0.23,0.22,0.22,0.22,0.22,0.22,0.22,0.22,0.22,0.22,0.22,0.22,0.21,0.21,0.21,0.21,0.21,0.21,0.2,0.2,0.2,0.2,0.2,0.2,0.2,0.19,0.19,0.19,0.19,0.18,0.18,0.17,0.17,0.17,0.17,0.17,0.17,0.17,0.16,0.16,0.16,0.16,0.16,0.16,0.16,0.16,0.15,0.15,0.15,0.15,0.15,0.15,0.15,0.15,0.14,0.14,0.14,0.14,0.14,0.14,0.14,0.13,0.13,0.13,0.13,0.13,0.13,0.13,0.13,0.12,0.12,0.12,0.12,0.12,0.12,0.12,0.12,0.12,0.12,0.12,0.12,0.12,0.12,0.11,0.11,0.11,0.11,0.11,0.11,0.11,0.11,0.11,0.1,0.1,0.1,0.1,0.1,0.1,0.1,0.09,0.09,0.09,0.09,0.09,0.09,0.09,0.09,0.09,0.09,0.09,0.09,0.09,0.09,0.09,0.09,0.09,0.09,0.09,0.09,0.08,0.08,0.08,0.08,0.08,0.08,0.08,0.08,0.08,0.08,0.08,0.08,0.08,0.08,0.07,0.07,0.07,0.07,0.07,0.07,0.07,0.07,0.07,0.07,0.06,0.06,0.06,0.06,0.06,0.06,0.06,0.06,0.06,0.06,0.06,0.06,0.06,0.06,0.06,0.06,0.06,0.06,0.06,0.06,0.06,0.06,0.06,0.06,0.06,0.05,0.05,0.05,0.05,0.05,0.05,0.05,0.05,0.05,0.05,0.05,0.05,0.05,0.05,0.05,0.05,0.05,0.05,0.05,0.05,0.04,0.04,0.04,0.04,0.04,0.04,0.04,0.04,0.04,0.04,0.04,0.04,0.04,0.04,0.04,0.04,0.04,0.04,0.04,0.04,0.04,0.04,0.04,0.04,0.04,0.04,0.04,0.04,0.04,0.04,0.04,0.04,0.04,0.04,0.04,0.04,0.04,0.04,0.04,0.04,0.04,0.03,0.03,0.03,0.03,0.03,0.03,0.03,0.03,0.03,0.03,0.03,0.03,0.03,0.03,0.03,0.03,0.03,0.03,0.03,0.03,0.03,0.03,0.03,0.03,0.03,0.03,0.03,0.03,0.03,0.03,0.03,0.03,0.03,0.03,0.03,0.03,0.03,0.03,0.03,0.03,0.03,0.03,0.03,0.03,0.03,0.03
MVO,F8,11.34,-2114.11,-2334.19,-2509.48,-2594.92,-2670.12,-2804.1,-2840.3,-2941.79,-3041.99,-3143.49,-3248.57,-3272.0,-3302.59,-3373.18,-3387.1,-3395.73,-3420.77,-3461.24,-3499.08,-3520.59,-3525.6,-3541.53,-3604.58,-3611.49,-3612.05,-3633.55,-3633.55,-3649.3,-3670.76,-3697.17,-3704.92,-3706.4,-3734.55,-3741.91,-3788.41,-3791.84,-3791.84,-3799.4,-3799.4,-3799.4,-3799.4,-3799.4,-3799.4,-3799.4,-3801.05,-3813.71,-3822.55,-3822.55,-3825.04,-3827.99,-3836.22,-3836.22,-3838.16,-3838.16,-3848.58,-3862.71,-3862.71,-3862.71,-3875.98,-3887.71,-3892.57,-3900.07,-3909.0,-3909.0,-3909.0,-3909.0,-3923.13,-3941.01,-3961.0,-3961.0,-3968.25,-3998.53,-3998.54,-3999.39,-4022.68,-4022.68,-4034.81,-4054.9,-4054.9,-4054.9,-4054.9,-4061.88,-4061.88,-4061.88,-4061.88,-4061.88,-4061.88,-4061.88,-4061.88,-4061.88,-4061.88,-4061.88,-4061.88,-4061.88,-4061.88,-4061.88,-4061.88,-4061.88,-4070.67,-4070.67,-4083.62,-4083.62,-4083.62,-4083.62,-4087.66,-4098.0,-4098.0,-4118.48,-4119.94,-4149.18,-4149.18,-4149.18,-4153.66,-4153.71,-4153.71,-4153.71,-4153.71,-4153.71,-4171.05,-4171.05,-4171.05,-4177.26,-4177.26,-4177.26,-4177.26,-4177.26,-4177.26,-4177.26,-4177.26,-4177.26,-4177.26,-4179.15,-4182.55,-4191.21,-4191.21,-4191.21,-4207.58,-4207.58,-4207.58,-4218.6,-4218.6,-4218.6,-4218.6,-4218.6,-4218.6,-4218.6,-4218.6,-4236.66,-4238.78,-4238.78,-4238.78,-4238.78,-4238.78,-4252.62,-4268.19,-4268.19,-4268.19,-4268.19,-4268.19,-4268.32,-4268.32,-4290.57,-4290.65,-4296.73,-4302.19,-4325.53,-4330.23,-4335.35,-4335.35,-4340.01,-4340.98,-4356.25,-4367.73,-4368.46,-4384.72,-4404.36,-4404.36,-4404.36,-4408.26,-4411.24,-4412.94,-4427.09,-4443.14,-4461.12,-4463.12,-4465.47,-4475.83,-4475.83,-4492.82,-4492.82,-4492.82,-4510.48,-4510.48,-4515.16,-4531.31,-4542.64,-4542.64,-4546.62,-4573.1,-4573.1,-4575.76,-4583.23,-4591.63,-4603.44,-4603.44,-4610.32,-4620.74,-4639.93,-4644.64,-4651.43,-4651.43,-4651.43,-4693.18,-4714.7,-4735.42,-4749.05,-4756.03,-4761.0,-4771.22,-4812.14,-4837.83,-4855.66,-4889.03,-4903.11,-4903.11,-4917.77,-4973.88,-4988.19,-5022.68,-5030.55,-5036.55,-5039.86,-5051.92,-5052.68,-5072.36,-5078.94,-5081.94,-5084.93,-5122.13,-5143.19,-5151.11,-5168.64,-5170.66,-5170.66,-5176.25,-5190.32,-5201.81,-5201.81,-5205.3,-5215.47,-5268.05,-5276.9,-5283.55,-5313.97,-5322.65,-5351.87,-5351.87,-5358.7,-5373.45,-5373.78,-5380.71,-5384.81,-5398.37,-5414.13,-5420.93,-5425.36,-5430.03,-5437.17,-5443.7,-5447.61,-5455.36,-5476.32,-5483.72,-5505.34,-5532.16,-5532.16,-5538.16,-5571.34,-5587.77,-5598.32,-5617.68,-5621.96,-5621.96,-5638.57,-5659.37,-5671.02,-5681.06,-5681.06,-5694.09,-5704.47,-5704.47,-5709.59,-5726.37,-5732.61,-5740.95,-5751.65,-5760.29,-5769.58,-5785.39,-5785.53,-5814.88,-5815.38,-5823.95,-5845.87,-5856.93,-5863.86,-5881.86,-5893.75,-5917.76,-5918.47,-5927.79,-5958.56,-5958.56,-5958.56,-5992.62,-6008.55,-6025.31,-6047.76,-6053.95,-6063.12,-6071.36,-6096.73,-6099.29,-6109.68,-6121.74,-6122.32,-6140.97,-6153.98,-6160.72,-6177.8,-6184.0,-6192.53,-6218.42,-6228.1,-6235.23,-6239.97,-6260.21,-6286.42,-6295.82,-6299.3,-6307.85,-6318.24,-6321.93,-6328.43,-6340.19,-6341.78,-6358.04,-6373.15,-6380.99,-6404.8,-6416.74,-6429.57,-6448.71,-6463.33,-6479.21,-6484.7,-6491.82,-6496.49,-6510.41,-6529.49,-6535.19,-6541.23,-6555.72,-6561.81,-6575.74,-6590.83,-6598.62,-6607.67,-6615.37,-6626.32,-6632.73,-6643.17,-6650.06,-6660.68,-6677.64,-6693.96,-6698.5,-6704.78,-6733.27,-6740.95,-6749.68,-6749.68,-6760.56,-6766.6,-6774.12,-6794.05,-6803.3,-6806.7,-6810.34,-6815.23,-6818.84,-6829.5,-6840.68,-6847.98,-6854.73,-6860.94,-6867.57,-6876.97,-6886.08,-6889.93,-6896.31,-6904.32,-6912.57,-6930.74,-6932.1,-6938.89,-6953.1,-6971.72,-6975.61,-6984.67,-6990.52,-7000.78,-7007.84,-7009.65,-7015.2,-7025.75,-7030.05,-7038.71,-7045.46,-7060.55,-7073.61,-7076.27,-7086.63,-7091.68,-7092.87,-7100.93,-7107.58,-7126.53,-7132.9,-7139.85,-7148.43,-7156.73,-7163.0,-7174.39,-7175.53,-7181.33,-7186.24,-7196.27,-7201.9,-7207.76,-7209.36,-7217.43,-7224.23,-7232.19,-7237.12,-7242.75,-7249.61,-7253.75,-7260.22,-7265.61,-7269.8,-7273.07,-7275.9,-7282.14,-7290.95,-7299.43,-7302.44,-7309.82,-7316.29,-7320.24,-7326.16,-7329.28,-7335.63,-7343.33,-7345.24,-7347.72,-7349.64,-7352.82,-7353.53,-7359.3,-7361.74,-7365.74,-7369.31,-7374.63,-7377.13,-7380.49,-7384.86,-7387.04,-7390.85,-7394.24,-7397.02,-7400.45,-7403.79,-7406.26,-7408.56,-7411.2,-7413.38,-7416.19,-7419.02,-7421.8,-7423.93,-7426.23,-7428.68,-7429.87,-7431.39,-7432.46,-7433.53,-7434.47,-7435.05,-7435.38
MVO,F9,11.56,445.75,421.88,407.58,396.08,384.52,374.11,364.53,358.29,351.1,346.35,341.8,336.32,328.68,320.93,317.42,313.51,312.9,310.55,309.06,307.52,300.31,296.63,294.69,293.35,290.18,286.84,286.09,284.6,283.55,281.81,281.39,280.1,279.21,278.19,278.1,277.61,277.61,275.83,274.85,274.17,273.85,273.85,273.85,273.85,272.89,272.89,272.89,272.89,272.89,272.89,272.27,272.27,272.27,272.27,272.27,271.21,269.99,269.41,269.38,269.38,269.38,269.09,268.8,268.8,267.49,267.12,267.09,266.92,266.55,266.55,265.62,264.79,264.7,262.94,261.71,261.71,261.71,261.7,259.85,258.91,258.64,258.64,258.64,258.03,257.65,257.42,257.05,256.7,256.42,256.17,255.99,255.99,255.99,254.76,254.19,254.19,254.19,254.19,254.19,254.0,253.74,253.74,253.61,253.61,253.4,252.93,252.13,252.13,252.13,252.13,251.23,251.14,251.02,251.02,250.89,250.89,250.89,250.89,250.89,250.64,250.64,250.64,250.43,250.43,249.42,249.42,249.42,249.26,249.26,249.26,249.26,249.26,249.26,249.26,248.88,248.88,248.88,248.88,248.88,248.88,248.88,248.88,248.88,248.88,248.88,248.88,248.88,248.88,248.88,248.88,248.88,248.88,248.88,248.88,248.88,248.88,248.88,248.86,248.86,248.86,248.86,248.86,248.86,248.86,248.86,248.86,248.86,248.86,248.86,248.86,248.86,248.86,248.86,248.86,248.86,248.86,248.86,248.86,248.86,248.86,248.86,248.86,248.86,248.86,248.86,248.86,248.86,248.86,248.86,248.86,248.86,248.86,248.86,248.86,248.86,248.86,248.86,248.86,248.86,248.86,248.86,248.86,248.86,248.86,248.86,248.86,248.86,248.86,248.86,248.86,248.86,248.86,248.86,248.86,248.86,248.86,248.86,248.86,248.86,248.86,248.86,248.86,248.86,248.86,248.86,248.86,248.86,248.86,248.86,248.86,248.86,248.86,248.86,248.86,248.86,248.86,248.86,248.86,248.86,248.86,248.86,248.86,248.86,248.86,248.86,248.86,248.86,248.86,248.86,248.86,248.86,248.86,248.86,248.86,248.86,248.86,248.86,248.86,248.86,248.86,248.86,248.86,248.86,248.86,248.86,248.86,248.86,248.86,248.86,248.86,248.86,248.86,248.86,248.86,248.86,248.86,248.82,248.74,248.74,248.74,248.74,248.74,248.74,248.74,248.74,248.74,248.74,248.74,248.74,248.74,248.74,248.74,248.74,248.74,248.72,248.72,248.72,248.72,248.72,248.72,248.72,248.72,248.72,248.72,248.72,248.72,248.72,248.39,248.39,248.39,248.39,248.39,248.13,248.13,248.13,247.98,247.98,247.98,247.7,247.09,246.84,246.69,246.61,246.61,246.61,246.6,246.42,246.42,245.96,245.66,244.92,244.79,243.01,242.97,242.33,241.68,241.68,240.97,240.97,239.79,239.01,238.45,237.78,237.18,236.29,235.72,235.72,235.72,234.85,234.01,232.81,232.06,231.89,231.18,230.17,229.02,228.51,228.44,227.97,226.62,226.36,226.01,225.84,224.64,224.25,223.95,223.05,222.69,222.03,222.03,221.19,220.52,220.16,218.17,217.74,217.34,215.49,214.22,213.61,211.72,211.7,210.34,209.25,209.25,208.14,204.76,202.63,201.67,199.55,198.98,197.4,196.21,194.73,193.08,192.17,191.19,190.4,189.36,189.05,187.72,187.02,185.13,184.96,184.26,183.65,183.14,182.84,181.96,180.56,179.75,178.82,177.65,176.55,175.9,173.9,172.67,172.22,171.32,170.5,170.11,169.61,168.96,167.38,167.14,166.3,165.12,164.07,162.39,161.91,161.11,160.27,159.33,158.24,157.03,156.37,155.61,154.46,153.14,152.73,151.99,150.73,149.52,148.56,147.67,146.38,145.27,144.03,143.0,141.82,141.13,140.44,139.62,139.17,138.22,137.39,136.37,136.08,135.37,134.8,134.12,133.35,132.7,132.55,131.95,131.55,131.17,130.34,130.11,129.74,128.99,128.55,128.18,127.72,127.19,126.67,126.04,125.62,125.12,124.77,124.52,124.21,123.85,123.3,123.03,122.79,122.51,122.1,121.88,121.59,121.33,121.1,120.82,120.62,120.42,120.22,120.09,119.96,119.86,119.79,119.75
MVO,F10,12.21,20.68,20.57,20.43,20.35,20.25,20.13,19.99,19.91,19.82,19.68,19.54,19.44,19.29,19.09,18.95,18.82,18.66,18.53,18.37,18.24,18.1,17.97,17.88,17.67,17.58,17.47,17.38,17.27,17.11,17.03,16.97,16.74,16.68,16.56,16.46,16.37,16.3,16.24,16.12,16.04,15.88,15.77,15.7,15.63,15.52,15.37,15.3,15.23,15.2,15.14,15.06,14.97,14.93,14.88,14.78,14.75,14.71,14.65,14.58,14.51,14.45,14.39,14.31,14.24,14.22,14.17,14.11,14.02,13.97,13.93,13.91,13.85,13.83,13.78,13.69,13.61,13.48,13.43,13.38,13.34,13.31,13.29,13.19,13.14,13.13,13.11,13.09,13.06,13.03,12.99,12.98,12.95,12.91,12.86,12.8,12.76,12.7,12.67,12.61,12.58,12.52,12.52,12.46,12.43,12.41,12.38,12.34,12.31,12.28,12.19,12.17,12.16,12.13,12.09,12.05,12.05,12.0,11.98,11.98,11.93,11.93,11.89,11.85,11.8,11.8,11.73,11.69,11.65,11.6,11.57,11.57,11.57,11.52,11.48,11.43,11.4,11.4,11.39,11.38,11.37,11.36,11.34,11.32,11.28,11.18,11.14,11.11,11.06,11.04,11.0,10.99,10.99,10.87,10.84,10.79,10.74,10.72,10.69,10.67,10.67,10.67,10.61,10.6,10.6,10.6,10.58,10.56,10.51,10.51,10.49,10.45,10.43,10.36,10.31,10.29,10.29,10.27,10.27,10.26,10.25,10.24,10.17,10.17,10.17,10.14,10.08,10.06,10.04,10.0,9.97,9.96,9.92,9.91,9.88,9.86,9.85,9.83,9.8,9.77,9.76,9.75,9.66,9.61,9.59,9.54,9.54,9.51,9.46,9.41,9.38,9.38,9.36,9.34,9.32,9.29,9.26,9.25,9.22,9.18,9.17,9.13,9.11,9.11,9.08,9.0,8.98,8.98,8.98,8.92,8.9,8.82,8.76,8.75,8.71,8.71,8.69,8.68,8.64,8.62,8.62,8.6,8.56,8.54,8.52,8.51,8.47,8.45,8.44,8.42,8.42,8.41,8.36,8.33,8.32,8.31,8.25,8.25,8.22,8.21,8.2,8.19,8.17,8.14,8.11,8.08,8.06,8.06,8.02,8.02,7.96,7.95,7.95,7.91,7.85,7.82,7.81,7.8,7.8,7.78,7.77,7.74,7.73,7.72,7.72,7.72,7.7,7.67,7.66,7.63,7.63,7.61,7.59,7.54,7.49,7.44,7.37,7.31,7.3,7.29,7.27,7.22,7.21,7.16,7.13,7.13,7.09,7.08,7.06,7.04,7.03,7.02,7.0,6.99,6.98,6.96,6.88,6.88,6.87,6.85,6.83,6.8,6.73,6.71,6.7,6.69,6.68,6.67,6.65,6.61,6.59,6.58,6.57,6.57,6.54,6.51,6.46,6.45,6.41,6.38,6.34,6.31,6.29,6.28,6.23,6.22,6.17,6.13,6.13,6.1,6.06,6.04,6.02,6.0,5.97,5.95,5.94,5.9,5.9,5.88,5.87,5.86,5.85,5.83,5.83,5.79,5.76,5.74,5.72,5.7,5.69,5.69,5.67,5.63,5.6,5.59,5.56,5.56,5.56,5.54,5.52,5.49,5.46,5.46,5.44,5.42,5.39,5.32,5.27,5.26,5.23,5.21,5.19,5.18,5.16,5.16,5.14,5.11,5.08,5.08,5.05,5.02,4.99,4.97,4.95,4.95,4.92,4.92,4.89,4.88,4.86,4.84,4.8,4.79,4.78,4.76,4.74,4.74,4.72,4.72,4.72,4.69,4.67,4.66,4.64,4.59,4.55,4.53,4.52,4.49,4.48,4.47,4.46,4.44,4.43,4.43,4.42,4.4,4.37,4.36,4.35,4.34,4.32,4.3,4.28,4.27,4.25,4.22,4.2,4.18,4.17,4.16,4.15,4.13,4.13,4.11,4.08,4.06,4.01,4.0,3.94,3.92,3.89,3.85,3.83,3.79,3.78,3.72,3.7,3.65,3.63,3.61,3.6,3.56,3.53,3.52,3.49,3.47,3.43,3.4,3.37,3.33,3.27,3.24,3.19,3.16,3.1,3.07,3.02,2.96,2.9,2.86,2.82,2.76,2.72,2.68,2.64,2.61,2.59,2.57,2.55
MVO,F11,12.76,612.7,566.08,520.95,487.59,451.81,428.23,406.67,377.39,361.61,342.03,325.91,305.86,292.05,271.74,250.83,244.64,232.19,216.34,210.07,198.44,188.72,182.31,173.4,162.36,160.14,155.92,146.74,141.75,137.05,130.77,124.54,120.9,118.14,116.54,115.12,111.04,106.42,104.27,101.97,99.87,95.5,93.49,90.31,88.97,86.69,83.25,80.71,78.55,77.59,75.77,74.93,73.84,71.86,71.05,69.67,68.39,67.19,66.24,65.24,64.49,64.28,62.94,62.55,61.08,59.89,58.99,57.69,57.33,56.58,55.91,55.47,55.18,54.89,54.21,53.76,53.42,52.33,51.66,50.67,50.45,49.94,49.04,48.4,48.28,48.2,47.13,47.1,46.94,46.16,46.03,45.54,44.78,44.51,44.0,43.81,43.25,42.51,42.01,41.3,40.79,39.79,38.96,38.48,37.73,36.67,36.31,36.04,35.89,35.64,35.44,34.96,34.69,34.6,34.6,34.13,33.84,33.59,33.42,33.12,32.38,32.17,32.08,31.87,31.84,31.67,31.43,31.01,30.43,29.99,29.7,29.45,29.13,28.86,28.72,28.67,28.47,28.26,28.26,27.89,27.46,27.36,27.12,27.04,26.88,26.77,26.3,25.72,25.15,25.07,24.82,24.12,24.09,23.48,23.39,23.16,22.84,22.78,22.75,22.56,22.28,21.96,21.61,21.51,21.29,21.21,20.85,20.65,20.49,20.35,20.27,20.01,19.76,19.48,19.35,19.32,19.31,19.22,19.05,18.87,18.6,18.47,18.38,18.12,18.0,17.95,17.88,17.57,17.36,17.35,16.98,16.85,16.73,16.69,16.53,16.4,16.38,16.36,16.27,16.08,16.04,15.85,15.85,15.85,15.71,15.69,15.59,15.54,15.52,15.42,15.29,15.03,14.93,14.84,14.68,14.67,14.5,14.47,14.44,14.4,14.23,14.22,14.22,13.97,13.97,13.94,13.92,13.89,13.89,13.75,13.48,13.26,13.08,12.99,12.82,12.64,12.52,12.41,12.37,12.26,12.04,11.92,11.92,11.87,11.82,11.72,11.66,11.66,11.59,11.49,11.4,11.25,11.06,10.83,10.77,10.52,10.22,10.18,10.15,10.1,9.9,9.85,9.6,9.53,9.42,9.28,9.22,9.19,9.15,9.11,9.08,8.94,8.94,8.93,8.89,8.83,8.75,8.72,8.72,8.68,8.64,8.55,8.48,8.44,8.29,8.2,8.02,7.95,7.95,7.92,7.84,7.78,7.73,7.62,7.43,7.4,7.4,7.32,7.32,7.3,7.23,7.19,7.05,7.01,6.99,6.88,6.81,6.7,6.53,6.45,6.4,6.36,6.31,6.28,6.25,6.21,6.15,6.03,5.97,5.89,5.87,5.84,5.68,5.64,5.58,5.52,5.38,5.31,5.26,5.21,5.19,5.12,5.1,5.05,5.05,4.98,4.89,4.86,4.8,4.79,4.72,4.72,4.59,4.57,4.5,4.43,4.4,4.36,4.29,4.25,4.23,4.17,4.14,4.1,4.04,3.97,3.91,3.86,3.79,3.76,3.73,3.71,3.69,3.62,3.58,3.55,3.53,3.51,3.45,3.39,3.36,3.34,3.29,3.26,3.22,3.2,3.13,3.08,3.07,3.02,2.95,2.92,2.88,2.84,2.8,2.77,2.76,2.73,2.68,2.66,2.66,2.59,2.57,2.56,2.55,2.53,2.51,2.47,2.45,2.43,2.42,2.4,2.39,2.36,2.31,2.29,2.27,2.26,2.23,2.2,2.15,2.13,2.09,2.08,2.06,2.01,2.01,2.0,1.98,1.97,1.95,1.93,1.92,1.89,1.88,1.84,1.81,1.78,1.77,1.73,1.73,1.71,1.69,1.67,1.65,1.63,1.63,1.62,1.61,1.61,1.58,1.56,1.54,1.53,1.51,1.49,1.48,1.46,1.45,1.44,1.42,1.4,1.39,1.37,1.36,1.35,1.34,1.32,1.31,1.3,1.28,1.27,1.26,1.25,1.24,1.23,1.22,1.21,1.2,1.19,1.18,1.17,1.16,1.15,1.15,1.13,1.13,1.12,1.11,1.11,1.1,1.09,1.08,1.08,1.07,1.07,1.06,1.05,1.05,1.04,1.04,1.03,1.03,1.02,1.0,0.99,0.97,0.94,0.91,0.88,0.87
MVO,F12,13.1,587667614.79,535498039.8,477143763.62,436058637.78,387280756.59,356733143.75,298020233.9,254627529.69,221801623.19,205428932.52,181454917.53,165508656.36,147409700.4,138205695.37,121874372.19,110715560.13,101809292.96,90740079.75,79365505.03,71153706.26,64225767.82,56790132.34,50594910.28,44483272.44,39263282.31,35014964.42,29963913.15,28156512.51,24362451.95,23275659.51,21645397.6,19730981.97,19015906.04,17022469.59,15474726.9,14150783.96,13741497.25,13105432.44,11611318.7,10432502.39,9665911.26,9016519.61,8623127.16,8241467.73,7687624.0,7170506.47,6071648.37,5571611.41,5332220.24,4820419.8,4040006.81,3231464.37,2948963.52,2824037.78,2711645.06,2614162.69,2357388.12,2104546.9,1991502.86,1963257.23,1800274.17,1478128.97,1367566.82,1250395.1,1209260.89,1147209.4,1061033.97,1036748.42,997734.5,967441.85,961031.14,941681.65,906970.47,853167.21,589593.57,559100.02,541578.35,498136.25,394387.97,394064.31,346563.77,313413.49,296952.63,263039.99,203050.12,189305.5,184375.58,173336.09,165667.82,162905.44,157592.35,153346.6,141133.41,125584.75,120614.16,111674.32,108098.78,104497.98,104430.5,99276.35,93503.0,93497.97,83647.7,81243.79,80167.53,79325.22,71314.86,69419.41,68983.2,68486.68,62751.22,60133.2,56673.83,54865.98,51838.74,46645.7,43799.43,43115.29,43077.73,42340.81,36367.59,36253.68,35932.59,32209.06,21463.33,20165.82,19657.65,19657.65,19640.82,19036.22,17806.02,17543.67,16707.53,15602.86,15581.27,15574.06,15005.16,14610.65,14466.55,12817.53,8741.79,8602.99,4076.36,3775.83,3583.76,3516.56,3477.09,3418.91,3418.41,2471.19,1756.81,1727.29,1716.56,1697.65,1122.97,1119.92,1117.3,1083.07,1053.23,943.5,943.5,902.07,785.1,744.69,704.87,675.48,589.46,361.02,342.96,333.75,332.96,332.96,329.24,329.12,323.31,245.88,245.7,245.61,244.82,244.82,234.8,225.54,224.94,201.84,188.98,88.2,87.91,87.9,87.69,87.39,87.39,82.3,80.27,79.98,72.48,70.66,70.64,70.64,70.16,69.67,69.02,52.97,50.92,35.81,35.66,35.34,35.23,32.42,28.63,27.32,26.36,25.76,25.63,25.46,24.69,24.21,23.44,22.97,22.61,22.09,21.86,21.15,20.58,19.77,19.57,19.48,19.45,19.21,19.21,19.19,19.06,18.53,18.45,18.36,18.35,18.21,18.17,18.05,17.48,17.16,17.01,16.55,16.33,16.33,15.98,15.48,15.01,14.87,14.81,14.63,14.52,14.34,14.28,14.25,14.13,14.09,14.04,13.92,13.8,13.41,13.36,12.97,12.6,12.6,12.44,12.37,12.18,12.18,12.16,11.91,11.89,11.83,11.73,11.68,11.68,11.47,10.97,10.97,10.97,10.97,10.82,10.73,10.66,10.65,10.65,10.37,10.37,10.28,10.25,10.24,10.18,10.18,10.17,10.17,10.13,9.98,9.83,9.83,9.71,9.69,9.69,9.66,9.66,9.65,9.63,9.63,9.63,9.6,9.46,9.46,9.26,9.23,9.23,9.23,9.19,9.19,9.14,9.14,9.14,9.14,9.14,9.06,9.01,9.01,8.99,8.99,8.97,8.89,8.89,8.79,8.77,8.74,8.74,8.73,8.67,8.65,8.64,8.62,8.62,8.62,8.61,8.61,8.51,8.51,8.45,8.38,8.37,8.37,8.37,8.35,8.35,8.33,8.33,8.31,8.2,8.2,8.16,8.16,8.12,8.12,8.09,8.09,8.09,8.08,8.08,8.08,8.08,8.08,8.08,8.07,8.07,8.07,8.04,8.03,8.03,7.99,7.98,7.95,7.92,7.84,7.84,7.79,7.79,7.77,7.77,7.76,7.76,7.76,7.76,7.75,7.67,7.59,7.55,7.5,7.49,7.46,7.4,7.3,7.3,7.27,7.27,7.15,7.12,7.05,7.02,6.89,6.83,6.75,6.74,6.62,6.54,6.51,6.51,6.5,6.47,6.44,6.36,6.35,6.31,6.27,6.17,6.1,6.04,6.02,5.91,5.89,5.87,5.86,5.85,5.83,5.82,5.8,5.79,5.71,5.69,5.61,5.49,5.39,5.31,5.25,5.18,5.03,4.96,4.94,4.93,4.92,4.88,4.81,4.73,4.63,4.58,4.53,4.49,4.44,4.38,4.32,4.23,4.2,4.16,4.14,4.09,4.01,3.93,3.87,3.77,3.7,3.68,3.66,3.55,3.53,3.49,3.45,3.39,3.35,3.26,3.21,3.16,3.09,3.02,2.95,2.91,2.87,2.83,2.77,2.74,2.69,2.64,2.61,2.57,2.53,2.5,2.46,2.42,2.38,2.36,2.33,2.31,2.3,2.28,2.28
MVO,F13,12.84,1090254397.46,1002131681.88,934491112.63,891990965.2,861361007.11,842281103.41,819961228.35,776941584.5,749281163.44,725832675.9,698662974.97,691422600.94,658632588.56,611545054.41,588196707.98,576720648.9,546183258.87,517337700.12,509014395.35,506845948.78,497226590.88,491624774.17,475611021.14,472702611.24,458467019.24,451307036.72,438142886.96,428673258.19,419931779.05,416841919.3,411342063.72,407039822.12,387069043.06,377871847.3,371686757.26,358269267.82,347140109.56,340059650.06,324618469.89,318169998.05,316429784.22,313345671.18,308616139.44,294317203.49,287959785.17,267610453.05,259433883.02,252396396.62,249856052.33,242898560.8,241075856.94,238814097.47,236478422.47,230470772.32,222977681.17,212761937.72,209496504.84,208206319.88,203374330.38,202952672.03,195912901.47,191391654.47,183342639.83,177778929.62,169547410.02,167930686.51,161779958.54,158495028.02,157451523.88,154022741.45,149818996.8,143602159.82,141567071.59,134117126.23,128585402.84,124770519.33,122510212.24,121469268.76,117250418.55,110989058.17,109687976.23,104117675.76,101383521.87,97664296.49,94201182.73,91966195.82,90882957.6,86598967.09,84406556.15,79751590.44,75288825.89,74488214.89,70416729.33,69462321.23,66627545.27,63346732.45,63227359.45,60755053.0,59520016.41,55192932.93,51757078.47,47546553.82,44272100.4,40629485.62,39752384.77,37694551.37,35490429.71,33757543.12,32840267.8,31921955.82,30542075.73,28290575.16,27468751.41,27102611.62,26277826.99,25515993.95,24673368.92,24101485.96,23382428.5,21680588.65,20116519.54,18095730.23,16413089.6,16154616.4,15335640.8,15251642.38,14510355.57,13484841.27,13435156.69,13023479.64,11560470.28,11019565.74,10742870.23,9927335.96,9689103.98,9432431.12,8755520.15,8057704.74,7555469.9,7426338.86,7243077.73,7137264.18,6086301.87,5927165.92,5621998.15,5315000.15,5090420.96,4859931.11,4511965.5,4215162.23,3914282.53,3753888.26,3458396.04,3447027.55,3269526.75,3098424.24,3003855.76,2870810.58,2815492.41,2446591.72,2350560.2,2132241.37,2018988.28,1988229.76,1963259.56,1940997.62,1868915.16,1787017.51,1768152.73,1677519.14,1526527.45,1497092.23,1412068.1,1322931.56,1291748.29,1069608.23,1037082.57,915184.39,851529.7,770789.46,728182.42,722966.3,681763.5,663320.25,587057.6,552806.99,505792.91,459048.85,443238.78,434725.53,410883.35,397030.51,386536.05,371848.24,355448.7,330378.92,312888.33,308615.83,277929.57,275828.65,252945.27,240653.65,227808.66,221794.36,210267.93,199410.03,173510.65,169286.78,139266.9,137243.56,134863.36,122963.11,116874.79,109059.02,101316.55,101316.55,99757.31,92347.29,84747.96,80346.97,75826.03,71050.9,67413.74,62777.14,61427.01,57450.56,56636.05,54105.06,51557.83,51554.51,49664.32,45082.38,41281.21,40567.19,39698.96,37830.82,35507.94,35078.14,33717.13,32629.88,28369.84,26989.8,26758.84,25917.95,25917.95,25569.33,25545.37,24754.37,23542.89,22721.17,22271.56,21893.89,21091.81,21081.54,21081.54,20586.68,20401.22,19871.68,19219.33,19117.14,19112.96,19089.61,19024.06,16779.36,16094.71,15426.09,15122.18,14965.5,11955.32,10213.97,9205.03,9179.35,8966.72,8966.72,8271.91,7103.74,6805.76,6783.37,5864.92,4510.21,4265.1,3980.13,3842.49,3834.27,3755.87,3537.43,3462.52,2740.06,2543.5,2493.35,1740.71,1717.53,1507.92,1452.17,1414.3,1387.14,1364.42,1355.56,1354.1,1336.67,1324.15,1304.74,1204.28,1164.83,1064.89,1044.54,1017.46,997.4,782.1,498.93,436.39,423.02,364.79,352.87,299.85,298.5,288.17,220.49,218.65,216.88,216.51,214.86,146.34,141.33,94.77,93.68,83.76,79.33,77.31,76.46,57.89,56.89,54.32,44.84,44.78,44.47,43.87,43.62,38.52,38.1,37.18,34.99,34.7,34.13,32.95,32.69,32.08,30.57,30.22,29.54,28.58,28.23,27.19,25.52,25.05,24.45,23.78,23.02,22.72,22.24,21.78,21.21,20.93,20.6,19.75,19.42,18.96,18.56,18.15,17.98,17.63,17.36,15.81,15.54,15.22,14.56,14.02,13.64,13.01,12.73,12.4,12.3,12.19,11.82,11.67,11.27,10.69,9.68,9.49,9.05,8.59,8.25,8.1,8.02,7.79,7.52,7.39,7.22,7.07,6.72,6.59,6.43,6.25,6.07,5.88,5.77,5.7,5.48,5.28,5.16,5.08,5.06,4.96,4.86,4.72,4.62,4.5,4.39,4.25,4.15,4.07,4.01,3.93,3.82,3.66,3.52,3.45,3.37,3.34,3.33,3.22,3.15,3.09,2.99,2.97,2.93,2.85,2.79,2.7,2.64,2.53,2.49,2.45,2.39,2.28,2.2,2.13,2.06,1.94,1.9,1.86,1.83,1.78,1.74,1.69,1.61,1.56,1.5,1.46,1.37,1.31,1.22,1.17,1.13,1.07,1.04,1.01,0.97,0.93,0.9,0.87,0.85,0.79,0.76,0.72,0.69,0.63,0.6,0.58,0.54,0.51,0.48,0.45,0.44,0.42,0.4,0.38,0.37,0.35,0.33,0.32,0.3,0.29,0.28,0.26,0.24,0.22,0.21,0.2,0.19
MVO,F14,16.27,193.94,101.73,46.68,32.64,11.88,9.4,8.44,7.56,6.69,6.23,5.53,5.09,4.86,4.59,4.42,3.96,3.64,3.31,3.22,2.71,2.64,2.27,2.19,2.19,2.18,2.14,2.13,2.02,1.86,1.82,1.82,1.82,1.77,1.77,1.76,1.49,1.46,1.25,1.24,1.22,1.21,1.09,1.08,1.08,1.08,1.04,1.04,1.04,1.04,1.04,1.04,1.0,1.0,1.0,1.0,1.0,1.0,1.0,1.0,1.0,1.0,1.0,1.0,1.0,1.0,1.0,1.0,1.0,1.0,1.0,1.0,1.0,1.0,1.0,1.0,1.0,1.0,1.0,1.0,1.0,1.0,1.0,1.0,1.0,1.0,1.0,1.0,1.0,1.0,1.0,1.0,1.0,1.0,1.0,1.0,1.0,1.0,1.0,1.0,1.0,1.0,1.0,1.0,1.0,1.0,1.0,1.0,1.0,1.0,1.0,1.0,1.0,1.0,1.0,1.0,1.0,1.0,1.0,1.0,1.0,1.0,1.0,1.0,1.0,1.0,1.0,1.0,1.0,1.0,1.0,1.0,1.0,1.0,1.0,1.0,1.0,1.0,1.0,1.0,1.0,1.0,1.0,1.0,1.0,1.0,1.0,1.0,1.0,1.0,1.0,1.0,1.0,1.0,1.0,1.0,1.0,1.0,1.0,1.0,1.0,1.0,1.0,1.0,1.0,1.0,1.0,1.0,1.0,1.0,1.0,1.0,1.0,1.0,1.0,1.0,1.0,1.0,1.0,1.0,1.0,1.0,1.0,1.0,1.0,1.0,1.0,1.0,1.0,1.0,1.0,1.0,1.0,1.0,1.0,1.0,1.0,1.0,1.0,1.0,1.0,1.0,1.0,1.0,1.0,1.0,1.0,1.0,1.0,1.0,1.0,1.0,1.0,1.0,1.0,1.0,1.0,1.0,1.0,1.0,1.0,1.0,1.0,1.0,1.0,1.0,1.0,1.0,1.0,1.0,1.0,1.0,1.0,1.0,1.0,1.0,1.0,1.0,1.0,1.0,1.0,1.0,1.0,1.0,1.0,1.0,1.0,1.0,1.0,1.0,1.0,1.0,1.0,1.0,1.0,1.0,1.0,1.0,1.0,1.0,1.0,1.0,1.0,1.0,1.0,1.0,1.0,1.0,1.0,1.0,1.0,1.0,1.0,1.0,1.0,1.0,1.0,1.0,1.0,1.0,1.0,1.0,1.0,1.0,1.0,1.0,1.0,1.0,1.0,1.0,1.0,1.0,1.0,1.0,1.0,1.0,1.0,1.0,1.0,1.0,1.0,1.0,1.0,1.0,1.0,1.0,1.0,1.0,1.0,1.0,1.0,1.0,1.0,1.0,1.0,1.0,1.0,1.0,1.0,1.0,1.0,1.0,1.0,1.0,1.0,1.0,1.0,1.0,1.0,1.0,1.0,1.0,1.0,1.0,1.0,1.0,1.0,1.0,1.0,1.0,1.0,1.0,1.0,1.0,1.0,1.0,1.0,1.0,1.0,1.0,1.0,1.0,1.0,1.0,1.0,1.0,1.0,1.0,1.0,1.0,1.0,1.0,1.0,1.0,1.0,1.0,1.0,1.0,1.0,1.0,1.0,1.0,1.0,1.0,1.0,1.0,1.0,1.0,1.0,1.0,1.0,1.0,1.0,1.0,1.0,1.0,1.0,1.0,1.0,1.0,1.0,1.0,1.0,1.0,1.0,1.0,1.0,1.0,1.0,1.0,1.0,1.0,1.0,1.0,1.0,1.0,1.0,1.0,1.0,1.0,1.0,1.0,1.0,1.0,1.0,1.0,1.0,1.0,1.0,1.0,1.0,1.0,1.0,1.0,1.0,1.0,1.0,1.0,1.0,1.0,1.0,1.0,1.0,1.0,1.0,1.0,1.0,1.0,1.0,1.0,1.0,1.0,1.0,1.0,1.0,1.0,1.0,1.0,1.0,1.0,1.0,1.0,1.0,1.0,1.0,1.0,1.0,1.0,1.0,1.0,1.0,1.0,1.0,1.0,1.0,1.0,1.0,1.0,1.0,1.0,1.0,1.0,1.0,1.0,1.0,1.0,1.0,1.0,1.0,1.0,1.0,1.0,1.0,1.0,1.0,1.0,1.0,1.0,1.0,1.0,1.0,1.0,1.0,1.0,1.0,1.0,1.0,1.0,1.0,1.0,1.0
MVO,F15,2.79,0.3,0.14,0.1,0.06,0.05,0.05,0.04,0.04,0.04,0.03,0.03,0.02,0.02,0.02,0.02,0.01,0.01,0.01,0.01,0.01,0.01,0.01,0.01,0.01,0.01,0.01,0.01,0.01,0.01,0.01,0.01,0.01,0.01,0.01,0.01,0.01,0.01,0.01,0.01,0.01,0.01,0.01,0.01,0.01,0.01,0.01,0.01,0.01,0.01,0.01,0.01,0.01,0.01,0.01,0.01,0.01,0.01,0.01,0.01,0.01,0.01,0.01,0.01,0.01,0.01,0.01,0.01,0.01,0.01,0.01,0.01,0.0,0.0,0.0,0.0,0.0,0.0,0.0,0.0,0.0,0.0,0.0,0.0,0.0,0.0,0.0,0.0,0.0,0.0,0.0,0.0,0.0,0.0,0.0,0.0,0.0,0.0,0.0,0.0,0.0,0.0,0.0,0.0,0.0,0.0,0.0,0.0,0.0,0.0,0.0,0.0,0.0,0.0,0.0,0.0,0.0,0.0,0.0,0.0,0.0,0.0,0.0,0.0,0.0,0.0,0.0,0.0,0.0,0.0,0.0,0.0,0.0,0.0,0.0,0.0,0.0,0.0,0.0,0.0,0.0,0.0,0.0,0.0,0.0,0.0,0.0,0.0,0.0,0.0,0.0,0.0,0.0,0.0,0.0,0.0,0.0,0.0,0.0,0.0,0.0,0.0,0.0,0.0,0.0,0.0,0.0,0.0,0.0,0.0,0.0,0.0,0.0,0.0,0.0,0.0,0.0,0.0,0.0,0.0,0.0,0.0,0.0,0.0,0.0,0.0,0.0,0.0,0.0,0.0,0.0,0.0,0.0,0.0,0.0,0.0,0.0,0.0,0.0,0.0,0.0,0.0,0.0,0.0,0.0,0.0,0.0,0.0,0.0,0.0,0.0,0.0,0.0,0.0,0.0,0.0,0.0,0.0,0.0,0.0,0.0,0.0,0.0,0.0,0.0,0.0,0.0,0.0,0.0,0.0,0.0,0.0,0.0,0.0,0.0,0.0,0.0,0.0,0.0,0.0,0.0,0.0,0.0,0.0,0.0,0.0,0.0,0.0,0.0,0.0,0.0,0.0,0.0,0.0,0.0,0.0,0.0,0.0,0.0,0.0,0.0,0.0,0.0,0.0,0.0,0.0,0.0,0.0,0.0,0.0,0.0,0.0,0.0,0.0,0.0,0.0,0.0,0.0,0.0,0.0,0.0,0.0,0.0,0.0,0.0,0.0,0.0,0.0,0.0,0.0,0.0,0.0,0.0,0.0,0.0,0.0,0.0,0.0,0.0,0.0,0.0,0.0,0.0,0.0,0.0,0.0,0.0,0.0,0.0,0.0,0.0,0.0,0.0,0.0,0.0,0.0,0.0,0.0,0.0,0.0,0.0,0.0,0.0,0.0,0.0,0.0,0.0,0.0,0.0,0.0,0.0,0.0,0.0,0.0,0.0,0.0,0.0,0.0,0.0,0.0,0.0,0.0,0.0,0.0,0.0,0.0,0.0,0.0,0.0,0.0,0.0,0.0,0.0,0.0,0.0,0.0,0.0,0.0,0.0,0.0,0.0,0.0,0.0,0.0,0.0,0.0,0.0,0.0,0.0,0.0,0.0,0.0,0.0,0.0,0.0,0.0,0.0,0.0,0.0,0.0,0.0,0.0,0.0,0.0,0.0,0.0,0.0,0.0,0.0,0.0,0.0,0.0,0.0,0.0,0.0,0.0,0.0,0.0,0.0,0.0,0.0,0.0,0.0,0.0,0.0,0.0,0.0,0.0,0.0,0.0,0.0,0.0,0.0,0.0,0.0,0.0,0.0,0.0,0.0,0.0,0.0,0.0,0.0,0.0,0.0,0.0,0.0,0.0,0.0,0.0,0.0,0.0,0.0,0.0,0.0,0.0,0.0,0.0,0.0,0.0,0.0,0.0,0.0,0.0,0.0,0.0,0.0,0.0,0.0,0.0,0.0,0.0,0.0,0.0,0.0,0.0,0.0,0.0,0.0,0.0,0.0,0.0,0.0,0.0,0.0,0.0,0.0,0.0,0.0,0.0,0.0,0.0,0.0,0.0,0.0,0.0,0.0,0.0,0.0,0.0,0.0,0.0,0.0,0.0,0.0,0.0,0.0,0.0,0.0,0.0,0.0,0.0,0.0,0.0,0.0,0.0,0.0,0.0,0.0,0.0,0.0
MVO,F16,1.38,2.17,1.41,-0.24,-0.42,-0.56,-0.76,-0.77,-0.82,-0.87,-0.89,-0.91,-0.93,-0.94,-0.95,-0.95,-0.96,-0.96,-0.97,-0.97,-0.98,-0.98,-0.98,-0.99,-0.99,-0.99,-1.0,-1.0,-1.0,-1.0,-1.0,-1.01,-1.01,-1.01,-1.01,-1.01,-1.01,-1.01,-1.01,-1.01,-1.02,-1.02,-1.02,-1.02,-1.02,-1.02,-1.02,-1.02,-1.02,-1.02,-1.02,-1.02,-1.02,-1.02,-1.03,-1.03,-1.03,-1.03,-1.03,-1.03,-1.03,-1.03,-1.03,-1.03,-1.03,-1.03,-1.03,-1.03,-1.03,-1.03,-1.03,-1.03,-1.03,-1.03,-1.03,-1.03,-1.03,-1.03,-1.03,-1.03,-1.03,-1.03,-1.03,-1.03,-1.03,-1.03,-1.03,-1.03,-1.03,-1.03,-1.03,-1.03,-1.03,-1.03,-1.03,-1.03,-1.03,-1.03,-1.03,-1.03,-1.03,-1.03,-1.03,-1.03,-1.03,-1.03,-1.03,-1.03,-1.03,-1.03,-1.03,-1.03,-1.03,-1.03,-1.03,-1.03,-1.03,-1.03,-1.03,-1.03,-1.03,-1.03,-1.03,-1.03,-1.03,-1.03,-1.03,-1.03,-1.03,-1.03,-1.03,-1.03,-1.03,-1.03,-1.03,-1.03,-1.03,-1.03,-1.03,-1.03,-1.03,-1.03,-1.03,-1.03,-1.03,-1.03,-1.03,-1.03,-1.03,-1.03,-1.03,-1.03,-1.03,-1.03,-1.03,-1.03,-1.03,-1.03,-1.03,-1.03,-1.03,-1.03,-1.03,-1.03,-1.03,-1.03,-1.03,-1.03,-1.03,-1.03,-1.03,-1.03,-1.03,-1.03,-1.03,-1.03,-1.03,-1.03,-1.03,-1.03,-1.03,-1.03,-1.03,-1.03,-1.03,-1.03,-1.03,-1.03,-1.03,-1.03,-1.03,-1.03,-1.03,-1.03,-1.03,-1.03,-1.03,-1.03,-1.03,-1.03,-1.03,-1.03,-1.03,-1.03,-1.03,-1.03,-1.03,-1.03,-1.03,-1.03,-1.03,-1.03,-1.03,-1.03,-1.03,-1.03,-1.03,-1.03,-1.03,-1.03,-1.03,-1.03,-1.03,-1.03,-1.03,-1.03,-1.03,-1.03,-1.03,-1.03,-1.03,-1.03,-1.03,-1.03,-1.03,-1.03,-1.03,-1.03,-1.03,-1.03,-1.03,-1.03,-1.03,-1.03,-1.03,-1.03,-1.03,-1.03,-1.03,-1.03,-1.03,-1.03,-1.03,-1.03,-1.03,-1.03,-1.03,-1.03,-1.03,-1.03,-1.03,-1.03,-1.03,-1.03,-1.03,-1.03,-1.03,-1.03,-1.03,-1.03,-1.03,-1.03,-1.03,-1.03,-1.03,-1.03,-1.03,-1.03,-1.03,-1.03,-1.03,-1.03,-1.03,-1.03,-1.03,-1.03,-1.03,-1.03,-1.03,-1.03,-1.03,-1.03,-1.03,-1.03,-1.03,-1.03,-1.03,-1.03,-1.03,-1.03,-1.03,-1.03,-1.03,-1.03,-1.03,-1.03,-1.03,-1.03,-1.03,-1.03,-1.03,-1.03,-1.03,-1.03,-1.03,-1.03,-1.03,-1.03,-1.03,-1.03,-1.03,-1.03,-1.03,-1.03,-1.03,-1.03,-1.03,-1.03,-1.03,-1.03,-1.03,-1.03,-1.03,-1.03,-1.03,-1.03,-1.03,-1.03,-1.03,-1.03,-1.03,-1.03,-1.03,-1.03,-1.03,-1.03,-1.03,-1.03,-1.03,-1.03,-1.03,-1.03,-1.03,-1.03,-1.03,-1.03,-1.03,-1.03,-1.03,-1.03,-1.03,-1.03,-1.03,-1.03,-1.03,-1.03,-1.03,-1.03,-1.03,-1.03,-1.03,-1.03,-1.03,-1.03,-1.03,-1.03,-1.03,-1.03,-1.03,-1.03,-1.03,-1.03,-1.03,-1.03,-1.03,-1.03,-1.03,-1.03,-1.03,-1.03,-1.03,-1.03,-1.03,-1.03,-1.03,-1.03,-1.03,-1.03,-1.03,-1.03,-1.03,-1.03,-1.03,-1.03,-1.03,-1.03,-1.03,-1.03,-1.03,-1.03,-1.03,-1.03,-1.03,-1.03,-1.03,-1.03,-1.03,-1.03,-1.03,-1.03,-1.03,-1.03,-1.03,-1.03,-1.03,-1.03,-1.03,-1.03,-1.03,-1.03,-1.03,-1.03,-1.03,-1.03,-1.03,-1.03,-1.03,-1.03,-1.03,-1.03,-1.03,-1.03,-1.03,-1.03,-1.03,-1.03,-1.03,-1.03,-1.03,-1.03,-1.03,-1.03,-1.03,-1.03,-1.03,-1.03,-1.03,-1.03,-1.03,-1.03,-1.03,-1.03,-1.03,-1.03,-1.03,-1.03,-1.03,-1.03,-1.03,-1.03,-1.03,-1.03,-1.03,-1.03,-1.03,-1.03,-1.03,-1.03,-1.03,-1.03,-1.03,-1.03,-1.03,-1.03,-1.03,-1.03,-1.03,-1.03,-1.03,-1.03,-1.03,-1.03,-1.03,-1.03,-1.03,-1.03,-1.03,-1.03,-1.03,-1.03,-1.03
MVO,F17,1.37,2.69,2.17,1.76,1.23,1.08,1.02,0.88,0.78,0.75,0.71,0.68,0.66,0.65,0.6,0.52,0.51,0.51,0.5,0.5,0.48,0.48,0.46,0.46,0.45,0.44,0.43,0.43,0.43,0.43,0.43,0.43,0.43,0.42,0.42,0.42,0.42,0.42,0.42,0.42,0.42,0.42,0.42,0.41,0.41,0.41,0.41,0.41,0.41,0.41,0.41,0.41,0.41,0.41,0.41,0.41,0.41,0.4,0.4,0.4,0.4,0.4,0.4,0.4,0.4,0.4,0.4,0.4,0.4,0.4,0.4,0.4,0.4,0.4,0.4,0.4,0.4,0.4,0.4,0.4,0.4,0.4,0.4,0.4,0.4,0.4,0.4,0.4,0.4,0.4,0.4,0.4,0.4,0.4,0.4,0.4,0.4,0.4,0.4,0.4,0.4,0.4,0.4,0.4,0.4,0.4,0.4,0.4,0.4,0.4,0.4,0.4,0.4,0.4,0.4,0.4,0.4,0.4,0.4,0.4,0.4,0.4,0.4,0.4,0.4,0.4,0.4,0.4,0.4,0.4,0.4,0.4,0.4,0.4,0.4,0.4,0.4,0.4,0.4,0.4,0.4,0.4,0.4,0.4,0.4,0.4,0.4,0.4,0.4,0.4,0.4,0.4,0.4,0.4,0.4,0.4,0.4,0.4,0.4,0.4,0.4,0.4,0.4,0.4,0.4,0.4,0.4,0.4,0.4,0.4,0.4,0.4,0.4,0.4,0.4,0.4,0.4,0.4,0.4,0.4,0.4,0.4,0.4,0.4,0.4,0.4,0.4,0.4,0.4,0.4,0.4,0.4,0.4,0.4,0.4,0.4,0.4,0.4,0.4,0.4,0.4,0.4,0.4,0.4,0.4,0.4,0.4,0.4,0.4,0.4,0.4,0.4,0.4,0.4,0.4,0.4,0.4,0.4,0.4,0.4,0.4,0.4,0.4,0.4,0.4,0.4,0.4,0.4,0.4,0.4,0.4,0.4,0.4,0.4,0.4,0.4,0.4,0.4,0.4,0.4,0.4,0.4,0.4,0.4,0.4,0.4,0.4,0.4,0.4,0.4,0.4,0.4,0.4,0.4,0.4,0.4,0.4,0.4,0.4,0.4,0.4,0.4,0.4,0.4,0.4,0.4,0.4,0.4,0.4,0.4,0.4,0.4,0.4,0.4,0.4,0.4,0.4,0.4,0.4,0.4,0.4,0.4,0.4,0.4,0.4,0.4,0.4,0.4,0.4,0.4,0.4,0.4,0.4,0.4,0.4,0.4,0.4,0.4,0.4,0.4,0.4,0.4,0.4,0.4,0.4,0.4,0.4,0.4,0.4,0.4,0.4,0.4,0.4,0.4,0.4,0.4,0.4,0.4,0.4,0.4,0.4,0.4,0.4,0.4,0.4,0.4,0.4,0.4,0.4,0.4,0.4,0.4,0.4,0.4,0.4,0.4,0.4,0.4,0.4,0.4,0.4,0.4,0.4,0.4,0.4,0.4,0.4,0.4,0.4,0.4,0.4,0.4,0.4,0.4,0.4,0.4,0.4,0.4,0.4,0.4,0.4,0.4,0.4,0.4,0.4,0.4,0.4,0.4,0.4,0.4,0.4,0.4,0.4,0.4,0.4,0.4,0.4,0.4,0.4,0.4,0.4,0.4,0.4,0.4,0.4,0.4,0.4,0.4,0.4,0.4,0.4,0.4,0.4,0.4,0.4,0.4,0.4,0.4,0.4,0.4,0.4,0.4,0.4,0.4,0.4,0.4,0.4,0.4,0.4,0.4,0.4,0.4,0.4,0.4,0.4,0.4,0.4,0.4,0.4,0.4,0.4,0.4,0.4,0.4,0.4,0.4,0.4,0.4,0.4,0.4,0.4,0.4,0.4,0.4,0.4,0.4,0.4,0.4,0.4,0.4,0.4,0.4,0.4,0.4,0.4,0.4,0.4,0.4,0.4,0.4,0.4,0.4,0.4,0.4,0.4,0.4,0.4,0.4,0.4,0.4,0.4,0.4,0.4,0.4,0.4,0.4,0.4,0.4,0.4,0.4,0.4,0.4,0.4,0.4,0.4,0.4,0.4,0.4,0.4,0.4,0.4,0.4,0.4,0.4,0.4,0.4,0.4,0.4,0.4,0.4,0.4,0.4,0.4,0.4,0.4,0.4,0.4,0.4,0.4,0.4,0.4
MVO,F18,1.47,54.97,34.71,26.35,23.69,19.53,18.47,17.61,16.39,15.29,13.75,12.55,12.28,12.23,12.14,12.06,11.06,10.64,10.43,10.26,9.71,9.63,9.61,9.61,9.37,9.19,9.15,9.15,9.12,8.97,8.96,8.95,8.92,8.9,8.88,8.87,8.84,8.82,8.81,8.79,8.78,8.76,8.76,8.75,8.75,8.68,8.68,8.68,8.67,8.67,8.67,8.66,8.63,8.63,8.6,8.6,8.6,8.6,8.6,8.6,8.6,8.59,8.58,8.58,8.57,8.57,8.57,8.57,8.57,8.57,8.53,8.52,8.51,8.51,8.5,8.5,8.5,8.5,8.5,8.5,8.5,8.49,8.48,8.48,8.48,8.48,8.48,8.48,8.48,8.48,8.48,8.47,8.47,8.47,8.47,8.47,8.47,8.47,8.47,8.47,8.47,8.47,8.47,8.45,8.45,8.45,8.44,8.43,8.43,8.43,8.43,8.43,8.43,8.43,8.43,8.43,8.43,8.43,8.43,8.43,8.43,8.43,8.43,8.43,8.43,8.43,8.43,8.43,8.43,8.43,8.43,8.43,8.43,8.43,8.43,8.43,8.43,8.43,8.43,8.43,8.43,8.43,8.43,8.43,8.42,8.42,8.42,8.42,8.42,8.42,8.42,8.42,8.42,8.42,8.42,8.42,8.42,8.42,8.42,8.42,8.42,8.42,8.42,8.42,8.42,8.42,8.42,8.42,8.42,8.42,8.42,8.42,8.42,8.42,8.42,8.42,8.42,8.42,8.42,8.42,8.42,8.42,8.42,8.42,8.42,8.42,8.42,8.42,8.42,8.42,8.42,8.42,8.42,8.42,8.42,8.42,8.42,8.42,8.42,8.41,8.41,8.41,8.41,8.41,8.41,8.41,8.41,8.41,8.41,8.41,8.41,8.41,8.41,8.41,8.41,8.41,8.41,8.41,8.41,8.41,8.41,8.41,8.41,8.41,8.41,8.41,8.41,8.41,8.41,8.41,8.41,8.41,8.41,8.41,8.41,8.4,8.4,8.4,8.4,8.4,8.4,8.4,8.4,8.4,8.4,8.4,8.4,8.4,8.4,8.4,8.4,8.4,8.4,8.4,8.4,8.4,8.4,8.4,8.4,8.4,8.4,8.4,8.4,8.4,8.4,8.4,8.4,8.4,8.4,8.4,8.4,8.4,8.4,8.4,8.4,8.4,8.4,8.4,8.4,8.4,8.4,8.4,8.4,8.4,8.4,8.4,8.4,8.4,8.4,8.4,8.4,8.4,8.4,8.4,8.4,8.4,8.4,8.4,8.4,8.4,8.4,8.4,8.4,8.4,8.4,8.4,8.4,8.4,8.4,8.4,8.4,8.4,8.4,8.4,8.4,8.4,8.4,8.4,8.4,8.4,8.4,8.4,8.4,8.4,8.4,8.4,8.4,8.4,8.4,8.4,8.4,8.4,8.4,8.4,8.4,8.4,8.4,8.4,8.4,8.4,8.4,8.4,8.4,8.4,8.4,8.4,8.4,8.4,8.4,8.4,8.4,8.4,8.4,8.4,8.4,8.4,8.4,8.4,8.4,8.4,8.4,8.4,8.4,8.4,8.4,8.4,8.4,8.4,8.4,8.4,8.4,8.4,8.4,8.4,8.4,8.4,8.4,8.4,8.4,8.4,8.4,8.4,8.4,8.4,8.4,8.4,8.4,8.4,8.4,8.4,8.4,8.4,8.4,8.4,8.4,8.4,8.4,8.4,8.4,8.4,8.4,8.4,8.4,8.4,8.4,8.4,8.4,8.4,8.4,8.4,8.4,8.4,8.4,8.4,8.4,8.4,8.4,8.4,8.4,8.4,8.4,8.4,8.4,8.4,8.4,8.4,8.4,8.4,8.4,8.4,8.4,8.4,8.4,8.4,8.4,8.4,8.4,8.4,8.4,8.4,8.4,8.4,8.4,8.4,8.4,8.4,8.4,8.4,8.4,8.4,8.4,8.4,8.4,8.4,8.4,8.4,8.4,8.4,8.4,8.4,8.4,8.4,8.4,8.4,8.4,8.4,8.4,8.4,8.4,8.4,8.4,8.4,8.4,8.4,8.4,8.4,8.4,8.4,8.4,8.4,8.4,8.4,8.4,8.4,8.4,8.4,8.4,8.4,8.4,8.4,8.4,8.4,8.4,8.4,8.4,8.4,8.4,8.4,8.4,8.4,8.4
MVO,F19,3.0,-3.28,-3.4,-3.44,-3.46,-3.49,-3.49,-3.5,-3.51,-3.55,-3.56,-3.57,-3.6,-3.62,-3.64,-3.65,-3.67,-3.67,-3.7,-3.72,-3.72,-3.73,-3.74,-3.74,-3.74,-3.75,-3.75,-3.76,-3.77,-3.78,-3.78,-3.78,-3.79,-3.79,-3.79,-3.8,-3.8,-3.8,-3.81,-3.81,-3.82,-3.82,-3.82,-3.82,-3.83,-3.83,-3.83,-3.83,-3.83,-3.83,-3.83,-3.83,-3.83,-3.83,-3.83,-3.83,-3.83,-3.83,-3.84,-3.84,-3.84,-3.84,-3.84,-3.84,-3.84,-3.84,-3.84,-3.84,-3.84,-3.84,-3.84,-3.84,-3.84,-3.85,-3.85,-3.85,-3.85,-3.85,-3.85,-3.85,-3.85,-3.85,-3.85,-3.85,-3.85,-3.85,-3.85,-3.85,-3.85,-3.85,-3.85,-3.85,-3.85,-3.85,-3.85,-3.85,-3.85,-3.85,-3.85,-3.85,-3.85,-3.85,-3.85,-3.85,-3.85,-3.85,-3.85,-3.85,-3.85,-3.85,-3.85,-3.85,-3.85,-3.85,-3.85,-3.85,-3.85,-3.85,-3.85,-3.85,-3.85,-3.85,-3.85,-3.85,-3.85,-3.85,-3.85,-3.86,-3.86,-3.86,-3.86,-3.86,-3.86,-3.86,-3.86,-3.86,-3.86,-3.86,-3.86,-3.86,-3.86,-3.86,-3.86,-3.86,-3.86,-3.86,-3.86,-3.86,-3.86,-3.86,-3.86,-3.86,-3.86,-3.86,-3.86,-3.86,-3.86,-3.86,-3.86,-3.86,-3.86,-3.86,-3.86,-3.86,-3.86,-3.86,-3.86,-3.86,-3.86,-3.86,-3.86,-3.86,-3.86,-3.86,-3.86,-3.86,-3.86,-3.86,-3.86,-3.86,-3.86,-3.86,-3.86,-3.86,-3.86,-3.86,-3.86,-3.86,-3.86,-3.86,-3.86,-3.86,-3.86,-3.86,-3.86,-3.86,-3.86,-3.86,-3.86,-3.86,-3.86,-3.86,-3.86,-3.86,-3.86,-3.86,-3.86,-3.86,-3.86,-3.86,-3.86,-3.86,-3.86,-3.86,-3.86,-3.86,-3.86,-3.86,-3.86,-3.86,-3.86,-3.86,-3.86,-3.86,-3.86,-3.86,-3.86,-3.86,-3.86,-3.86,-3.86,-3.86,-3.86,-3.86,-3.86,-3.86,-3.86,-3.86,-3.86,-3.86,-3.86,-3.86,-3.86,-3.86,-3.86,-3.86,-3.86,-3.86,-3.86,-3.86,-3.86,-3.86,-3.86,-3.86,-3.86,-3.86,-3.86,-3.86,-3.86,-3.86,-3.86,-3.86,-3.86,-3.86,-3.86,-3.86,-3.86,-3.86,-3.86,-3.86,-3.86,-3.86,-3.86,-3.86,-3.86,-3.86,-3.86,-3.86,-3.86,-3.86,-3.86,-3.86,-3.86,-3.86,-3.86,-3.86,-3.86,-3.86,-3.86,-3.86,-3.86,-3.86,-3.86,-3.86,-3.86,-3.86,-3.86,-3.86,-3.86,-3.86,-3.86,-3.86,-3.86,-3.86,-3.86,-3.86,-3.86,-3.86,-3.86,-3.86,-3.86,-3.86,-3.86,-3.86,-3.86,-3.86,-3.86,-3.86,-3.86,-3.86,-3.86,-3.86,-3.86,-3.86,-3.86,-3.86,-3.86,-3.86,-3.86,-3.86,-3.86,-3.86,-3.86,-3.86,-3.86,-3.86,-3.86,-3.86,-3.86,-3.86,-3.86,-3.86,-3.86,-3.86,-3.86,-3.86,-3.86,-3.86,-3.86,-3.86,-3.86,-3.86,-3.86,-3.86,-3.86,-3.86,-3.86,-3.86,-3.86,-3.86,-3.86,-3.86,-3.86,-3.86,-3.86,-3.86,-3.86,-3.86,-3.86,-3.86,-3.86,-3.86,-3.86,-3.86,-3.86,-3.86,-3.86,-3.86,-3.86,-3.86,-3.86,-3.86,-3.86,-3.86,-3.86,-3.86,-3.86,-3.86,-3.86,-3.86,-3.86,-3.86,-3.86,-3.86,-3.86,-3.86,-3.86,-3.86,-3.86,-3.86,-3.86,-3.86,-3.86,-3.86,-3.86,-3.86,-3.86,-3.86,-3.86,-3.86,-3.86,-3.86,-3.86,-3.86,-3.86,-3.86,-3.86,-3.86,-3.86,-3.86,-3.86,-3.86,-3.86,-3.86,-3.86,-3.86,-3.86,-3.86,-3.86,-3.86,-3.86,-3.86,-3.86,-3.86,-3.86,-3.86,-3.86,-3.86,-3.86,-3.86,-3.86,-3.86,-3.86,-3.86,-3.86,-3.86,-3.86,-3.86,-3.86,-3.86,-3.86,-3.86,-3.86,-3.86,-3.86,-3.86,-3.86,-3.86,-3.86,-3.86,-3.86,-3.86,-3.86,-3.86,-3.86,-3.86,-3.86,-3.86,-3.86,-3.86,-3.86,-3.86,-3.86,-3.86,-3.86,-3.86,-3.86,-3.86,-3.86,-3.86,-3.86,-3.86,-3.86,-3.86,-3.86,-3.86,-3.86,-3.86,-3.86,-3.86,-3.86,-3.86,-3.86,-3.86,-3.86,-3.86,-3.86,-3.86,-3.86,-3.86,-3.86
