No. of Iterations,MFO,FFA,GWO,DE,MVO,HHO,MFOS
1,-2456.59,-1983.24,-2223.8,-2332.54,-2114.11,-2110.55,-2126.99
2,-2457.59,-2247.49,-2350.84,-2501.17,-2334.19,-2773.66,-2585.3
3,-2611.79,-2398.64,-2472.88,-2577.59,-2509.48,-3840.13,-2954.63
4,-2720.3,-2572.58,-2559.45,-2743.06,-2594.92,-4594.02,-3115.69
5,-2818.92,-2613.67,-2594.09,-2875.6,-2670.12,-5593.5,-3573.99
6,-2868.97,-2677.05,-2608.33,-3005.86,-2804.1,-6965.97,-3914.84
7,-2954.02,-2707.25,-2624.57,-3072.19,-2840.3,-8096.26,-4210.58
8,-3093.72,-2755.52,-2670.14,-3103.37,-2941.79,-8761.63,-4516.06
9,-3179.23,-2810.55,-2684.2,-3135.43,-3041.99,-9167.15,-4843.24
10,-3251.69,-2831.06,-2704.47,-3168.51,-3143.49,-9449.54,-5072.29
11,-3309.39,-2862.93,-2704.47,-3247.73,-3248.57,-9548.72,-5243.99
12,-3391.69,-2906.24,-2733.12,-3267.79,-3272,-9952.2,-5351.15
13,-3443.09,-2925.92,-2733.12,-3289.79,-3302.59,-10294.63,-5484.99
14,-3523.27,-3011.91,-2763.77,-3323.46,-3373.18,-10376.46,-5619.83
15,-3561.68,-3022.04,-2779.14,-3405.81,-3387.1,-10429.21,-5715.14
16,-3631.34,-3040.84,-2800.71,-3479.43,-3395.73,-10668.04,-5847.11
17,-3713.37,-3062.56,-2839.11,-3489.97,-3420.77,-10839.63,-6036.21
18,-3782.12,-3090.02,-2891.64,-3519.55,-3461.24,-10917.28,-6296.65
19,-3840.35,-3097.36,-2921.15,-3522.01,-3499.08,-11049.2,-6433.13
20,-3894.75,-3097.36,-2924.33,-3563.01,-3520.59,-11080.83,-6690.51
21,-3944.35,-3098.05,-2940.42,-3588.58,-3525.6,-11104.9,-6799.44
22,-4024.99,-3098.05,-2940.42,-3605.26,-3541.53,-11133.84,-6873.21
23,-4070.32,-3103.4,-2940.42,-3623.91,-3604.58,-11179.43,-6959.85
24,-4172.48,-3117.51,-2958.38,-3684.21,-3611.49,-11208.46,-7050.38
25,-4210.47,-3119.68,-2967.98,-3690.09,-3612.05,-11284.36,-7117.92
26,-4275.49,-3134.78,-2967.98,-3702.91,-3633.55,-11289.79,-7347.98
27,-4377.36,-3160.91,-2982.56,-3757.75,-3633.55,-11291.41,-7359.47
28,-4435.22,-3160.91,-2998.24,-3774.82,-3649.3,-11296.97,-7420.24
29,-4529.67,-3160.91,-3010.35,-3779.33,-3670.76,-11299.76,-7553.92
30,-4600.28,-3172.94,-3010.35,-3816.62,-3697.17,-11302.25,-7631.59
31,-4637.2,-3172.94,-3046.86,-3861.63,-3704.92,-11306.12,-7687.94
32,-4740.86,-3172.94,-3068.33,-3891.95,-3706.4,-11313.15,-7771.42
33,-4782.99,-3175.08,-3068.33,-3897.63,-3734.55,-11550.42,-7801.06
34,-4859.27,-3190.91,-3072.1,-3919.68,-3741.91,-11553.5,-7869.42
35,-4907.41,-3203.23,-3072.1,-3947.37,-3788.41,-11556.09,-7970.78
36,-4965.46,-3213.19,-3072.1,-3947.37,-3791.84,-11557.79,-7993.61
37,-5016.4,-3243.22,-3072.1,-3960.69,-3791.84,-11558.76,-7994.72
38,-5092.01,-3243.22,-3072.1,-3992.78,-3799.4,-11676.43,-8066.04
39,-5179.12,-3243.83,-3072.1,-3992.78,-3799.4,-11679.56,-8139.36
40,-5214.85,-3243.83,-3072.1,-4016.08,-3799.4,-11680.53,-8149.23
41,-5253.86,-3243.83,-3080.65,-4016.08,-3799.4,-11681.25,-8167.88
42,-5307.56,-3243.83,-3080.65,-4019.22,-3799.4,-11681.37,-8191.5
43,-5363.39,-3261.66,-3084.81,-4019.22,-3799.4,-11682.07,-8328.56
44,-5427.4,-3264.62,-3084.81,-4053.82,-3799.4,-11684.64,-8440.52
45,-5476.08,-3264.62,-3090.5,-4087.13,-3801.05,-11725.18,-8553.1
46,-5506.22,-3273.43,-3090.5,-4092.64,-3813.71,-11725.78,-8619.71
47,-5551.09,-3273.43,-3103.16,-4092.68,-3822.55,-11801.51,-8685.5
48,-5619.07,-3273.43,-3103.16,-4111.28,-3822.55,-11801.6,-8782.04
49,-5704.3,-3273.43,-3103.16,-4115.83,-3825.04,-11803.56,-8799.08
50,-5754.38,-3273.43,-3107.25,-4117.19,-3827.99,-11803.82,-8896.28
51,-5819.78,-3276.91,-3107.25,-4170.6,-3836.22,-11806.36,-8896.28
52,-5847.73,-3281.83,-3107.25,-4217.1,-3836.22,-11806.4,-8993.3
53,-5876.1,-3299.13,-3124.52,-4230.51,-3838.16,-11849.65,-8993.3
54,-5908.18,-3299.13,-3144.67,-4231.31,-3838.16,-11851.2,-9074.9
55,-5926.47,-3309.31,-3144.67,-4232.38,-3848.58,-11927.05,-9102.24
56,-6011.23,-3309.31,-3144.67,-4240.85,-3862.71,-11929.57,-9237.01
57,-6039.32,-3314.22,-3144.67,-4240.85,-3862.71,-11974.33,-9246.09
58,-6068.1,-3318.94,-3149.31,-4268.87,-3862.71,-12027.55,-9248.73
59,-6106.68,-3323.36,-3149.31,-4280.39,-3875.98,-12083.75,-9269.2
60,-6181.51,-3357.67,-3149.31,-4302.91,-3887.71,-12104.28,-9431.32
61,-6215.64,-3362.29,-3149.31,-4308.96,-3892.57,-12112.59,-9569.38
62,-6323.12,-3362.29,-3149.31,-4308.96,-3900.07,-12225.66,-9647.69
63,-6341.73,-3362.29,-3155.61,-4327.72,-3909,-12227.12,-9752.88
64,-6368.17,-3371.32,-3155.61,-4336.49,-3909,-12227.24,-9803.18
65,-6426.55,-3384.94,-3155.61,-4351.34,-3909,-12227.8,-9829.63
66,-6469.4,-3386.11,-3155.61,-4354.8,-3909,-12227.82,-9894.46
67,-6496.23,-3386.53,-3155.61,-4354.8,-3923.13,-12227.84,-9975.67
68,-6511.71,-3393.11,-3168.02,-4354.8,-3941.01,-12227.99,-10022.74
69,-6561.45,-3393.11,-3168.02,-4354.8,-3961,-12230.63,-10133.49
70,-6597.79,-3393.11,-3174.71,-4373.63,-3961,-12230.64,-10214.42
71,-6640.11,-3393.11,-3174.71,-4384.9,-3968.25,-12230.66,-10343.02
72,-6669.47,-3393.11,-3202.16,-4400.56,-3998.53,-12230.68,-10457.62
73,-6711.35,-3393.11,-3211.54,-4402.86,-3998.54,-12230.9,-10670.25
74,-6745.08,-3417.07,-3211.54,-4404.64,-3999.39,-12231.87,-10839.79
75,-6753.03,-3417.07,-3211.54,-4416.96,-4022.68,-12232.03,-10974.67
76,-6777.24,-3417.07,-3211.54,-4431.66,-4022.68,-12232.19,-11122.38
77,-6808.3,-3417.07,-3211.54,-4480.06,-4034.81,-12232.19,-11172.48
78,-6815.03,-3417.93,-3211.54,-4480.06,-4054.9,-12232.19,-11271.23
79,-6852.43,-3417.93,-3214.43,-4480.5,-4054.9,-12232.22,-11364.86
80,-6878.81,-3417.93,-3220.22,-4485.67,-4054.9,-12232.24,-11476.71
81,-6921.61,-3417.93,-3229.23,-4497.78,-4054.9,-12232.26,-11545.75
82,-6936.74,-3417.93,-3264.19,-4497.78,-4061.88,-12232.46,-11658.92
83,-6955.61,-3426.46,-3264.19,-4501.54,-4061.88,-12232.46,-11730.15
84,-6978.38,-3434.2,-3264.19,-4501.54,-4061.88,-12232.47,-11869.77
85,-7026.81,-3434.2,-3264.19,-4505.06,-4061.88,-12233.69,-11929.7
86,-7036.34,-3437.83,-3271.01,-4523.61,-4061.88,-12235.15,-12006.94
87,-7063.43,-3437.83,-3271.01,-4530.46,-4061.88,-12235.15,-12062.48
88,-7092.27,-3437.83,-3271.01,-4532.49,-4061.88,-12235.17,-12180.44
89,-7129.49,-3437.83,-3271.01,-4533.36,-4061.88,-12235.19,-12249.32
90,-7163.73,-3441.65,-3275.84,-4559.57,-4061.88,-12235.19,-12345.59
91,-7187.4,-3441.65,-3288.3,-4575.32,-4061.88,-12235.54,-12423.53
92,-7200.77,-3441.65,-3288.3,-4576.69,-4061.88,-12235.62,-12482.16
93,-7207.19,-3441.65,-3288.3,-4600.49,-4061.88,-12235.91,-12597.52
94,-7248.76,-3441.65,-3292.97,-4600.49,-4061.88,-12235.94,-12634.48
95,-7272.57,-3466.59,-3292.97,-4600.49,-4061.88,-12235.94,-12770.75
96,-7292.3,-3466.59,-3292.97,-4600.49,-4061.88,-12305.57,-12850.51
97,-7304.89,-3466.59,-3292.97,-4600.49,-4061.88,-12305.58,-12914.18
98,-7325.98,-3478.49,-3292.97,-4600.49,-4061.88,-12325.47,-12981.49
99,-7338.03,-3478.49,-3292.97,-4600.49,-4070.67,-12352.05,-13112.86
100,-7358.35,-3478.49,-3292.97,-4600.49,-4070.67,-12354.57,-13217.39
101,-7381.57,-3480.21,-3292.97,-4622.69,-4083.62,-12354.57,-13353.37
102,-7395.69,-3480.21,-3292.97,-4649.49,-4083.62,-12354.64,-13467.99
103,-7405.29,-3480.21,-3292.97,-4666.44,-4083.62,-12354.68,-13539.04
104,-7432.08,-3480.21,-3299.88,-4667.8,-4083.62,-12354.72,-13602.95
105,-7469.13,-3480.21,-3299.88,-4678.15,-4087.66,-12354.73,-13710.96
106,-7482.51,-3480.21,-3299.88,-4678.15,-4098,-12354.73,-13777.14
107,-7489.8,-3480.21,-3299.88,-4695.31,-4098,-12354.92,-13867.23
108,-7525.89,-3480.21,-3299.88,-4707.53,-4118.48,-12355,-13968.68
109,-7529.72,-3480.21,-3299.88,-4707.53,-4119.94,-12355.01,-13997.36
110,-7542.42,-3480.21,-3299.88,-4713.42,-4149.18,-12355.03,-14027.84
111,-7552.01,-3480.21,-3299.88,-4713.42,-4149.18,-12355.03,-14081.41
112,-7589.07,-3480.21,-3299.88,-4744.18,-4149.18,-12355.14,-14188.3
113,-7594.69,-3480.21,-3299.88,-4744.18,-4153.66,-12355.31,-14338.03
114,-7610.77,-3480.21,-3299.88,-4766.05,-4153.71,-12355.32,-14467.66
115,-7623.19,-3480.21,-3299.88,-4782.13,-4153.71,-12355.35,-14603.22
116,-7628.21,-3480.21,-3299.88,-4793.58,-4153.71,-12355.35,-14660.5
117,-7638.35,-3480.21,-3299.88,-4793.58,-4153.71,-12355.43,-14737.58
118,-7648.49,-3480.21,-3299.88,-4796.48,-4153.71,-12355.45,-14821.16
119,-7664.28,-3480.21,-3299.88,-4796.48,-4171.05,-12355.45,-14894.07
120,-7690.3,-3480.21,-3312.32,-4804.47,-4171.05,-12355.71,-14923.3
121,-7707.24,-3480.21,-3342.94,-4807.39,-4171.05,-12356.28,-14966.6
122,-7713.02,-3480.21,-3342.94,-4807.39,-4177.26,-12356.32,-14997.6
123,-7732.88,-3480.21,-3342.94,-4807.39,-4177.26,-12356.32,-15101.35
124,-7739.52,-3480.21,-3353.07,-4816.99,-4177.26,-12356.4,-15150.24
125,-7749.94,-3480.21,-3353.07,-4816.99,-4177.26,-12356.44,-15219.87
126,-7759.51,-3480.21,-3353.07,-4816.99,-4177.26,-12356.44,-15331.52
127,-7771.38,-3488.48,-3353.07,-4834.65,-4177.26,-12356.91,-15416.46
128,-7780.56,-3488.48,-3361.57,-4838.99,-4177.26,-12357.09,-15497.2
129,-7788.07,-3494.58,-3378.65,-4838.99,-4177.26,-12357.36,-15551.53
130,-7798.96,-3519.9,-3378.65,-4838.99,-4177.26,-12357.41,-15639.76
131,-7807,-3519.9,-3378.65,-4838.99,-4177.26,-12357.46,-15718.37
132,-7816.72,-3519.9,-3378.65,-4838.99,-4179.15,-12357.56,-15758.58
133,-7825.28,-3519.9,-3385.65,-4850.67,-4182.55,-12357.57,-15805.77
134,-7829.77,-3519.9,-3385.65,-4863.51,-4191.21,-12357.6,-15863.91
135,-7834.6,-3519.9,-3385.65,-4863.51,-4191.21,-12357.61,-15885.35
136,-7846.95,-3519.9,-3385.65,-4863.51,-4191.21,-12357.61,-15938.24
137,-7855.12,-3519.9,-3385.65,-4863.51,-4207.58,-12357.69,-15975.41
138,-7863.94,-3519.9,-3393.62,-4880.72,-4207.58,-12357.7,-15996.38
139,-7878.32,-3519.9,-3393.62,-4880.72,-4207.58,-12357.7,-16023.3
140,-7888.85,-3519.9,-3393.62,-4882.44,-4218.6,-12357.71,-16043.45
141,-7889.64,-3525.16,-3393.89,-4882.44,-4218.6,-12357.71,-16082.15
142,-7896.34,-3525.16,-3393.89,-4882.44,-4218.6,-12357.71,-16110.97
143,-7906.3,-3525.16,-3393.89,-4882.44,-4218.6,-12357.71,-16163.48
144,-7920.15,-3525.16,-3393.89,-4882.44,-4218.6,-12357.71,-16184.63
145,-7929.13,-3525.16,-3393.89,-4883.73,-4218.6,-12357.72,-16220.32
146,-7933.85,-3525.16,-3393.89,-4887.81,-4218.6,-12357.72,-16252.55
147,-7946.41,-3525.16,-3396.34,-4887.81,-4218.6,-12357.72,-16272.25
148,-7959.29,-3525.16,-3396.98,-4904.79,-4236.66,-12357.72,-16299.23
149,-7964.05,-3525.16,-3396.98,-4919.16,-4238.78,-12357.72,-16350.48
150,-7971.42,-3525.16,-3396.98,-4948.54,-4238.78,-12357.72,-16388.79
151,-7973.66,-3525.16,-3396.98,-4949.35,-4238.78,-12357.72,-16417.9
152,-7978,-3525.16,-3396.98,-4949.89,-4238.78,-12357.82,-16449.47
153,-7980.71,-3525.16,-3401.95,-4949.89,-4238.78,-12357.82,-16479.21
154,-7982.6,-3525.16,-3401.95,-4949.89,-4252.62,-12357.88,-16537.39
155,-7986.34,-3525.16,-3407.7,-4949.89,-4268.19,-12358.02,-16547.58
156,-7990.79,-3533.69,-3407.7,-4949.89,-4268.19,-12358.29,-16557.12
157,-8001.26,-3533.69,-3407.7,-4953.14,-4268.19,-12358.29,-16599.42
158,-8012.09,-3533.88,-3407.7,-4953.47,-4268.19,-12358.29,-16626.14
159,-8017.46,-3533.88,-3407.7,-4953.47,-4268.19,-12358.34,-16672.62
160,-8021.9,-3533.88,-3407.7,-4969.38,-4268.32,-12358.36,-16685.29
161,-8033.33,-3533.88,-3407.7,-4986.72,-4268.32,-12358.36,-16705.89
162,-8036.6,-3533.88,-3412.08,-5025.23,-4290.57,-12358.38,-16722.9
163,-8045.69,-3533.88,-3412.08,-5025.77,-4290.65,-12358.39,-16740.43
164,-8047.43,-3533.88,-3412.08,-5025.77,-4296.73,-12358.39,-16752.58
165,-8052.36,-3533.88,-3413.18,-5025.77,-4302.19,-12358.42,-16759.35
166,-8054.91,-3533.88,-3427.99,-5025.77,-4325.53,-12358.43,-16780.16
167,-8064.04,-3533.88,-3429.32,-5025.77,-4330.23,-12358.43,-16801.25
168,-8077.94,-3538.16,-3429.32,-5025.77,-4335.35,-12358.44,-16810.7
169,-8078.82,-3538.16,-3429.32,-5032.49,-4335.35,-12358.44,-16832.23
170,-8081.44,-3538.16,-3429.32,-5032.49,-4340.01,-12358.44,-16842.88
171,-8090.99,-3538.16,-3429.32,-5046.16,-4340.98,-12358.44,-16857.37
172,-8093.93,-3538.16,-3429.32,-5046.16,-4356.25,-12358.45,-16880.4
173,-8097.38,-3538.16,-3429.32,-5046.16,-4367.73,-12358.45,-16905.23
174,-8098.7,-3538.16,-3429.32,-5046.16,-4368.46,-12358.46,-16912.86
175,-8104.31,-3538.16,-3429.32,-5046.16,-4384.72,-12358.46,-16921.84
176,-8107.38,-3538.16,-3429.32,-5046.16,-4404.36,-12358.46,-16936.43
177,-8109.65,-3538.16,-3429.32,-5062.03,-4404.36,-12358.46,-16957.07
178,-8111.92,-3538.16,-3429.32,-5062.03,-4404.36,-12358.46,-16969.79
179,-8113.63,-3538.16,-3429.32,-5062.03,-4408.26,-12358.46,-16983.08
180,-8115.41,-3538.16,-3429.32,-5062.03,-4411.24,-12358.46,-16992.38
181,-8122.09,-3538.35,-3429.32,-5062.03,-4412.94,-12358.46,-17005.84
182,-8125.81,-3538.35,-3429.32,-5077.19,-4427.09,-12358.46,-17022.38
183,-8127.06,-3538.35,-3429.36,-5095.98,-4443.14,-12358.46,-17036.12
184,-8135.86,-3538.35,-3429.36,-5095.98,-4461.12,-12358.47,-17043.76
185,-8138.15,-3542.59,-3429.36,-5095.98,-4463.12,-12358.48,-17051.13
186,-8139.9,-3542.59,-3434.65,-5106.8,-4465.47,-12358.48,-17060.44
187,-8142.38,-3542.59,-3434.65,-5106.8,-4475.83,-12358.48,-17064.9
188,-8144.67,-3542.59,-3441.46,-5106.8,-4475.83,-12358.48,-17068.06
189,-8145.72,-3542.59,-3442.62,-5106.8,-4492.82,-12358.49,-17085.86
190,-8146.96,-3542.59,-3452.25,-5106.8,-4492.82,-12358.49,-17093.66
191,-8150.11,-3542.59,-3482.62,-5106.8,-4492.82,-12358.49,-17104.56
192,-8151,-3542.59,-3482.62,-5112.26,-4510.48,-12358.49,-17112.16
193,-8152.57,-3549.99,-3482.62,-5130.65,-4510.48,-12358.59,-17114.84
194,-8154.42,-3549.99,-3482.62,-5133.65,-4515.16,-12358.59,-17122.87
195,-8157.25,-3550.68,-3482.62,-5133.65,-4531.31,-12358.59,-17129
196,-8159.26,-3550.68,-3482.62,-5133.65,-4542.64,-12358.61,-17137.93
197,-8161.85,-3550.68,-3503.27,-5133.65,-4542.64,-12358.61,-17141.5
198,-8164.2,-3550.68,-3506.28,-5143.63,-4546.62,-12358.63,-17149.33
199,-8165.27,-3550.68,-3506.28,-5149.34,-4573.1,-12358.63,-17164.72
200,-8169.56,-3550.68,-3506.28,-5149.34,-4573.1,-12358.63,-17168.63
201,-8171.42,-3550.68,-3506.28,-5149.34,-4575.76,-12359.69,-17176.36
202,-8173.08,-3550.68,-3506.28,-5149.34,-4583.23,-12360.28,-17182.79
203,-8175.04,-3550.68,-3516.46,-5149.34,-4591.63,-12361.84,-17188.17
204,-8176.17,-3550.68,-3516.46,-5158.42,-4603.44,-12361.84,-17192.46
205,-8178.93,-3550.68,-3554.52,-5158.42,-4603.44,-12362.18,-17197.6
206,-8179.2,-3550.68,-3559.92,-5167.55,-4610.32,-12362.24,-17202.33
207,-8179.59,-3550.68,-3559.92,-5182.98,-4620.74,-12381.6,-17208.36
208,-8180.01,-3550.68,-3573.6,-5182.98,-4639.93,-12381.6,-17212.4
209,-8182.31,-3550.68,-3573.6,-5182.98,-4644.64,-12440.8,-17214.98
210,-8183.08,-3550.68,-3573.6,-5182.98,-4651.43,-12440.83,-17217.92
211,-8184.18,-3550.68,-3582.8,-5184.92,-4651.43,-12444.93,-17220.73
212,-8185.16,-3550.68,-3582.8,-5184.92,-4651.43,-12445.37,-17225.08
213,-8187.21,-3550.68,-3582.8,-5218.22,-4693.18,-12445.38,-17226.99
214,-8188.31,-3550.68,-3593.65,-5218.22,-4714.7,-12445.38,-17229.61
215,-8195.03,-3550.68,-3603.31,-5238.23,-4735.42,-12445.45,-17233.65
216,-8195.6,-3550.68,-3603.31,-5238.23,-4749.05,-12445.46,-17238.23
217,-8195.81,-3550.68,-3615.13,-5238.99,-4756.03,-12445.68,-17243.33
218,-8196.63,-3550.68,-3615.8,-5253,-4761,-12445.81,-17246.08
219,-8197.61,-3554.51,-3615.8,-5253,-4771.22,-12445.83,-17250.25
220,-8197.75,-3554.51,-3626,-5253,-4812.14,-12445.83,-17254.67
221,-8198.27,-3554.51,-3626,-5253,-4837.83,-12445.83,-17257.3
222,-8198.54,-3554.51,-3626,-5253,-4855.66,-12445.95,-17260.12
223,-8198.91,-3554.51,-3626,-5254.05,-4889.03,-12445.95,-17263.8
224,-8199.44,-3554.51,-3626,-5254.05,-4903.11,-12445.96,-17266.62
225,-8200.13,-3554.51,-3626,-5254.05,-4903.11,-12445.96,-17269.11
226,-8200.2,-3554.51,-3626,-5254.05,-4917.77,-12445.96,-17270.63
227,-8203.27,-3554.51,-3629.25,-5254.05,-4973.88,-12445.96,-17272.66
228,-8204.37,-3554.51,-3629.25,-5254.05,-4988.19,-12445.96,-17273.79
229,-8204.56,-3554.51,-3632.79,-5258.65,-5022.68,-12445.96,-17276.76
230,-8205.09,-3554.51,-3632.79,-5258.65,-5030.55,-12445.96,-17278.25
231,-8206.09,-3554.51,-3634.05,-5258.65,-5036.55,-12446.02,-17281.1
232,-8207.3,-3554.51,-3634.05,-5264.9,-5039.86,-12446.09,-17282.17
233,-8208.61,-3554.51,-3635.33,-5264.9,-5051.92,-12446.09,-17283.45
234,-8208.76,-3571.86,-3638.46,-5264.97,-5052.68,-12446.1,-17284.44
235,-8209.52,-3571.86,-3657.07,-5266.05,-5072.36,-12446.1,-17286.29
236,-8209.62,-3584.02,-3660.06,-5271.33,-5078.94,-12446.1,-17288.15
237,-8210.29,-3584.02,-3660.06,-5271.33,-5081.94,-12446.1,-17289
238,-8211.18,-3584.02,-3660.06,-5271.33,-5084.93,-12446.11,-17290.24
239,-8211.99,-3584.02,-3663.22,-5271.33,-5122.13,-12446.11,-17290.93
240,-8213.27,-3584.02,-3671.41,-5271.33,-5143.19,-12446.11,-17292.57
241,-8213.71,-3584.02,-3671.41,-5285.31,-5151.11,-12446.13,-17293.87
242,-8214.18,-3584.02,-3671.41,-5287,-5168.64,-12446.13,-17295.79
243,-8214.74,-3591.71,-3671.41,-5291.44,-5170.66,-12446.13,-17296.48
244,-8214.97,-3591.71,-3671.41,-5291.44,-5170.66,-12446.13,-17297.37
245,-8215.33,-3591.71,-3671.41,-5291.44,-5176.25,-12446.14,-17297.84
246,-8215.66,-3591.71,-3689.03,-5291.44,-5190.32,-12446.14,-17299.98
247,-8216.04,-3591.71,-3689.03,-5310.12,-5201.81,-12446.16,-17300.85
248,-8216.09,-3591.71,-3689.03,-5310.12,-5201.81,-12446.16,-17301.48
249,-8216.32,-3591.71,-3689.03,-5330.92,-5205.3,-12446.16,-17302.07
250,-8216.77,-3591.71,-3689.37,-5330.92,-5215.47,-12446.16,-17302.83
251,-8217.11,-3591.71,-3689.37,-5330.92,-5268.05,-12446.16,-17304.13
252,-8217.56,-3591.71,-3691.04,-5330.92,-5276.9,-12446.17,-17305.63
253,-8217.72,-3591.71,-3696.44,-5330.92,-5283.55,-12446.17,-17306.91
254,-8217.88,-3591.71,-3696.44,-5352.58,-5313.97,-12446.17,-17307.34
255,-8217.98,-3591.71,-3699.65,-5352.58,-5322.65,-12446.17,-17308.61
256,-8218.37,-3591.71,-3728.3,-5352.58,-5351.87,-12446.17,-17308.89
257,-8218.72,-3591.71,-3728.3,-5359.85,-5351.87,-12446.18,-17309.35
258,-8219.45,-3591.71,-3749.04,-5361.52,-5358.7,-12446.18,-17309.71
259,-8219.62,-3591.71,-3770.92,-5361.52,-5373.45,-12446.18,-17310.1
260,-8219.77,-3591.71,-3770.92,-5361.52,-5373.78,-12446.18,-17310.71
261,-8219.96,-3591.71,-3770.92,-5361.52,-5380.71,-12446.18,-17311.37
262,-8220.19,-3591.71,-3776.32,-5361.52,-5384.81,-12446.19,-17312.32
263,-8220.28,-3591.71,-3776.32,-5361.52,-5398.37,-12446.19,-17312.99
264,-8220.66,-3591.71,-3776.32,-5361.52,-5414.13,-12446.19,-17313.42
265,-8220.77,-3591.71,-3776.32,-5362.31,-5420.93,-12446.19,-17314.1
266,-8221.1,-3591.71,-3776.32,-5393.13,-5425.36,-12446.19,-17314.52
267,-8221.36,-3591.71,-3792.22,-5393.13,-5430.03,-12446.19,-17315.27
268,-8221.69,-3591.71,-3796.3,-5393.13,-5437.17,-12446.19,-17315.62
269,-8221.84,-3591.71,-3799.5,-5394.28,-5443.7,-12446.2,-17316.27
270,-8221.89,-3596.7,-3799.5,-5394.28,-5447.61,-12446.2,-17316.65
271,-8222.09,-3596.7,-3799.5,-5394.28,-5455.36,-12446.2,-17317.03
272,-8222.13,-3596.7,-3799.5,-5394.28,-5476.32,-12446.2,-17317.31
273,-8222.25,-3596.7,-3799.5,-5412.81,-5483.72,-12446.2,-17317.65
274,-8222.31,-3596.7,-3836.55,-5412.81,-5505.34,-12446.2,-17317.83
275,-8222.45,-3596.7,-3836.55,-5412.81,-5532.16,-12446.2,-17318.21
276,-8222.71,-3596.7,-3836.55,-5412.81,-5532.16,-12446.2,-17318.91
277,-8222.86,-3596.7,-3839.32,-5412.81,-5538.16,-12446.2,-17319.29
278,-8222.93,-3596.7,-3839.32,-5412.81,-5571.34,-12446.2,-17319.8
279,-8223.16,-3596.7,-3855.28,-5412.81,-5587.77,-12446.2,-17320.03
280,-8223.28,-3596.7,-3862.41,-5412.81,-5598.32,-12446.2,-17320.49
281,-8223.32,-3596.7,-3872.55,-5412.81,-5617.68,-12446.2,-17320.91
282,-8223.47,-3610.97,-3872.55,-5412.81,-5621.96,-12446.2,-17321.31
283,-8223.72,-3610.97,-3872.55,-5412.81,-5621.96,-12446.2,-17322.06
284,-8223.74,-3610.97,-3872.55,-5429.92,-5638.57,-12446.2,-17322.23
285,-8224.02,-3610.97,-3872.91,-5429.92,-5659.37,-12446.2,-17322.5
286,-8224.04,-3610.97,-3885.4,-5429.92,-5671.02,-12446.2,-17322.64
287,-8224.1,-3610.97,-3921.97,-5429.92,-5681.06,-12446.2,-17322.81
288,-8224.15,-3610.97,-3924.64,-5429.92,-5681.06,-12446.2,-17322.95
289,-8224.31,-3610.97,-3924.64,-5429.92,-5694.09,-12446.2,-17323.12
290,-8224.33,-3610.97,-3941.3,-5429.92,-5704.47,-12446.2,-17323.3
291,-8224.55,-3629.87,-3941.3,-5429.92,-5704.47,-12446.21,-17323.59
292,-8224.59,-3629.87,-3948.82,-5429.92,-5709.59,-12446.24,-17323.82
293,-8224.67,-3629.87,-3949.35,-5429.92,-5726.37,-12446.24,-17324.06
294,-8224.72,-3629.87,-3965.42,-5429.92,-5732.61,-12446.24,-17324.25
295,-8224.77,-3629.87,-3965.42,-5429.92,-5740.95,-12446.24,-17324.5
296,-8224.88,-3629.87,-4007.27,-5431.95,-5751.65,-12446.25,-17324.69
297,-8224.91,-3656.06,-4008.45,-5440.3,-5760.29,-12446.25,-17325.01
298,-8224.96,-3656.06,-4012.61,-5440.3,-5769.58,-12446.25,-17325.14
299,-8224.98,-3656.06,-4012.86,-5440.3,-5785.39,-12446.25,-17325.32
300,-8225.08,-3656.06,-4015.05,-5444.03,-5785.53,-12446.25,-17325.33
301,-8225.1,-3656.06,-4036.41,-5444.03,-5814.88,-12446.25,-17325.56
302,-8225.16,-3656.06,-4044.87,-5444.03,-5815.38,-12446.26,-17325.61
303,-8225.24,-3656.06,-4053.98,-5444.03,-5823.95,-12446.26,-17325.72
304,-8225.29,-3656.06,-4057.61,-5444.03,-5845.87,-12446.26,-17325.83
305,-8225.43,-3656.06,-4060.03,-5444.03,-5856.93,-12446.26,-17325.94
306,-8225.43,-3656.06,-4096.67,-5444.03,-5863.86,-12446.26,-17326.09
307,-8225.45,-3656.06,-4109.52,-5444.03,-5881.86,-12446.26,-17326.2
308,-8225.47,-3656.06,-4124.42,-5444.03,-5893.75,-12446.3,-17326.3
309,-8225.58,-3656.06,-4124.42,-5444.03,-5917.76,-12446.32,-17326.5
310,-8225.61,-3656.06,-4124.42,-5466.29,-5918.47,-12446.32,-17326.55
311,-8225.61,-3656.06,-4125.62,-5493.51,-5927.79,-12446.34,-17326.61
312,-8225.61,-3656.06,-4132.25,-5496.25,-5958.56,-12446.35,-17326.73
313,-8225.62,-3656.06,-4137.56,-5496.25,-5958.56,-12446.35,-17326.93
314,-8225.63,-3656.06,-4144.67,-5500.48,-5958.56,-12530.06,-17327.02
315,-8225.65,-3656.06,-4144.67,-5500.48,-5992.62,-12539.01,-17327.07
316,-8225.68,-3656.06,-4154.76,-5500.48,-6008.55,-12564.1,-17327.16
317,-8225.73,-3656.06,-4170.98,-5500.48,-6025.31,-12564.3,-17327.25
318,-8225.75,-3656.06,-4173.35,-5503,-6047.76,-12564.37,-17327.33
319,-8225.77,-3656.06,-4179.37,-5522.47,-6053.95,-12564.46,-17327.4
320,-8225.78,-3656.06,-4187.99,-5522.47,-6063.12,-12564.46,-17327.51
321,-8225.83,-3656.06,-4205.13,-5522.47,-6071.36,-12564.46,-17327.6
322,-8225.85,-3656.06,-4226.78,-5522.47,-6096.73,-12564.46,-17327.7
323,-8225.86,-3656.06,-4236.33,-5522.47,-6099.29,-12564.46,-17327.78
324,-8225.87,-3656.06,-4236.33,-5522.47,-6109.68,-12564.46,-17327.86
325,-8225.88,-3656.06,-4269.65,-5522.47,-6121.74,-12564.46,-17327.9
326,-8225.91,-3656.06,-4271.54,-5542.08,-6122.32,-12564.46,-17327.96
327,-8225.91,-3656.06,-4305.04,-5545.75,-6140.97,-12564.5,-17328.02
328,-8225.94,-3656.06,-4305.04,-5545.75,-6153.98,-12564.56,-17328.07
329,-8225.95,-3663.56,-4316.58,-5545.75,-6160.72,-12564.56,-17328.15
330,-8225.99,-3663.56,-4326.17,-5547.35,-6177.8,-12564.57,-17328.19
331,-8226,-3663.56,-4337.48,-5547.35,-6184,-12564.59,-17328.26
332,-8226.01,-3663.56,-4364,-5550.01,-6192.53,-12564.62,-17328.32
333,-8226.02,-3663.56,-4370.12,-5550.01,-6218.42,-12564.62,-17328.37
334,-8226.06,-3663.56,-4391.02,-5572.75,-6228.1,-12564.62,-17328.42
335,-8226.07,-3663.56,-4413.41,-5572.75,-6235.23,-12564.64,-17328.43
336,-8226.09,-3663.56,-4422.51,-5572.75,-6239.97,-12564.64,-17328.46
337,-8226.09,-3663.56,-4448.91,-5572.75,-6260.21,-12564.81,-17328.53
338,-8226.1,-3663.56,-4470.97,-5572.75,-6286.42,-12564.84,-17328.57
339,-8226.1,-3663.56,-4475.27,-5572.75,-6295.82,-12564.86,-17328.62
340,-8226.1,-3663.56,-4483.85,-5601.09,-6299.3,-12564.89,-17328.67
341,-8226.12,-3663.56,-4485.29,-5601.09,-6307.85,-12564.89,-17328.71
342,-8226.12,-3663.56,-4504.71,-5612.89,-6318.24,-12564.89,-17328.74
343,-8226.13,-3663.56,-4504.71,-5612.89,-6321.93,-12564.89,-17328.76
344,-8226.13,-3663.56,-4523.88,-5612.89,-6328.43,-12564.89,-17328.78
345,-8226.15,-3663.56,-4536.23,-5612.89,-6340.19,-12564.89,-17328.81
346,-8226.16,-3663.56,-4545.81,-5616.98,-6341.78,-12564.89,-17328.83
347,-8226.17,-3663.56,-4568.93,-5628.77,-6358.04,-12564.89,-17328.86
348,-8226.17,-3663.56,-4607.05,-5628.77,-6373.15,-12564.89,-17328.89
349,-8226.18,-3689.65,-4616.13,-5628.77,-6380.99,-12564.89,-17328.91
350,-8226.19,-3689.65,-4653.91,-5629.08,-6404.8,-12564.89,-17328.93
351,-8226.19,-3689.65,-4668.31,-5629.08,-6416.74,-12564.89,-17328.96
352,-8226.2,-3689.65,-4683.79,-5629.08,-6429.57,-12564.92,-17328.97
353,-8226.2,-3689.65,-4704.27,-5629.08,-6448.71,-12564.92,-17328.99
354,-8226.2,-3689.65,-4740.99,-5629.08,-6463.33,-12564.94,-17329.01
355,-8226.21,-3689.65,-4768.16,-5629.08,-6479.21,-12564.94,-17329.03
356,-8226.23,-3689.65,-4809.34,-5637.11,-6484.7,-12564.94,-17329.04
357,-8226.23,-3689.65,-4838.97,-5637.11,-6491.82,-12564.95,-17329.05
358,-8226.25,-3689.65,-4840.88,-5637.11,-6496.49,-12564.95,-17329.08
359,-8226.25,-3689.65,-4875.18,-5637.11,-6510.41,-12564.96,-17329.09
360,-8226.26,-3706.31,-4895.9,-5637.11,-6529.49,-12564.96,-17329.12
361,-8226.27,-3706.31,-4908.28,-5637.11,-6535.19,-12564.99,-17329.14
362,-8226.28,-3706.31,-4916.06,-5637.11,-6541.23,-12565,-17329.17
363,-8226.28,-3706.31,-4929.58,-5637.11,-6555.72,-12565.01,-17329.2
364,-8226.28,-3706.31,-4936.02,-5637.11,-6561.81,-12565.05,-17329.2
365,-8226.3,-3706.31,-4975.35,-5637.11,-6575.74,-12565.09,-17329.22
366,-8226.3,-3706.31,-4983.65,-5637.11,-6590.83,-12565.11,-17329.23
367,-8226.3,-3706.31,-5007.98,-5637.11,-6598.62,-12565.15,-17329.24
368,-8226.32,-3706.31,-5010.85,-5662.63,-6607.67,-12565.19,-17329.25
369,-8226.32,-3706.31,-5038.53,-5674.14,-6615.37,-12565.2,-17329.27
370,-8226.32,-3706.31,-5053.98,-5675.01,-6626.32,-12565.25,-17329.27
371,-8226.33,-3706.31,-5054.3,-5686.1,-6632.73,-12565.34,-17329.28
372,-8226.33,-3706.31,-5077,-5690.64,-6643.17,-12565.39,-17329.29
373,-8226.33,-3706.31,-5111.73,-5690.64,-6650.06,-12565.44,-17329.31
374,-8226.34,-3706.31,-5133.94,-5690.64,-6660.68,-12565.47,-17329.32
375,-8226.34,-3706.31,-5155.19,-5693.51,-6677.64,-12565.48,-17329.33
376,-8226.34,-3706.31,-5166.6,-5693.51,-6693.96,-12565.5,-17329.34
377,-8226.35,-3706.31,-5174.98,-5693.51,-6698.5,-12565.51,-17329.34
378,-8226.35,-3706.31,-5206.28,-5700.78,-6704.78,-12565.58,-17329.36
379,-8226.35,-3706.31,-5233.51,-5700.78,-6733.27,-12565.67,-17329.36
380,-8226.35,-3706.31,-5247.28,-5700.78,-6740.95,-12565.69,-17329.37
381,-8226.36,-3706.31,-5268.27,-5700.78,-6749.68,-12565.74,-17329.38
382,-8226.38,-3706.31,-5270.66,-5717.67,-6749.68,-12565.75,-17329.39
383,-8226.38,-3706.31,-5271.32,-5717.67,-6760.56,-12565.8,-17329.4
384,-8226.39,-3706.31,-5275.84,-5717.67,-6766.6,-12565.84,-17329.4
385,-8226.39,-3706.31,-5291.22,-5717.67,-6774.12,-12565.87,-17329.41
386,-8226.41,-3706.31,-5305.94,-5717.67,-6794.05,-12565.9,-17329.41
387,-8226.41,-3714.68,-5309.71,-5717.67,-6803.3,-12565.93,-17329.42
388,-8226.41,-3714.68,-5326.98,-5717.67,-6806.7,-12565.96,-17329.42
389,-8226.41,-3714.68,-5351.89,-5717.67,-6810.34,-12566.01,-17329.42
390,-8226.41,-3714.68,-5370.31,-5717.67,-6815.23,-12566.05,-17329.43
391,-8226.42,-3714.68,-5394.84,-5717.67,-6818.84,-12566.06,-17329.43
392,-8226.42,-3714.68,-5416.12,-5717.67,-6829.5,-12566.15,-17329.44
393,-8226.42,-3714.68,-5434.89,-5717.67,-6840.68,-12566.17,-17329.44
394,-8226.43,-3714.68,-5437.11,-5717.67,-6847.98,-12566.19,-17329.44
395,-8226.43,-3714.68,-5447.8,-5717.67,-6854.73,-12566.21,-17329.44
396,-8226.43,-3714.68,-5465.38,-5717.67,-6860.94,-12566.22,-17329.45
397,-8226.44,-3714.68,-5468.61,-5717.67,-6867.57,-12566.23,-17329.45
398,-8226.44,-3714.68,-5479.27,-5717.67,-6876.97,-12566.23,-17329.46
399,-8226.44,-3714.68,-5495.27,-5717.67,-6886.08,-12566.23,-17329.46
400,-8226.45,-3714.68,-5510.76,-5717.67,-6889.93,-12566.26,-17329.46
401,-8226.45,-3714.68,-5513.57,-5717.67,-6896.31,-12566.4,-17329.46
402,-8226.45,-3714.68,-5520.16,-5717.67,-6904.32,-12566.43,-17329.47
403,-8226.45,-3714.68,-5531.55,-5717.67,-6912.57,-12566.44,-17329.47
404,-8226.45,-3714.68,-5542.18,-5717.67,-6930.74,-12566.45,-17329.48
405,-8226.46,-3716.28,-5569.07,-5740.64,-6932.1,-12566.45,-17329.48
406,-8226.46,-3735.62,-5573.49,-5740.64,-6938.89,-12566.46,-17329.48
407,-8226.47,-3735.62,-5577.05,-5740.64,-6953.1,-12566.47,-17329.48
408,-8226.47,-3735.62,-5588.52,-5740.64,-6971.72,-12566.49,-17329.48
409,-8226.47,-3735.62,-5603.63,-5740.64,-6975.61,-12566.5,-17329.48
410,-8226.49,-3735.62,-5612.44,-5740.64,-6984.67,-12566.5,-17329.49
411,-8226.49,-3735.62,-5624.25,-5740.64,-6990.52,-12566.51,-17329.49
412,-8226.49,-3735.62,-5624.25,-5740.64,-7000.78,-12566.51,-17329.49
413,-8226.49,-3735.62,-5648.97,-5740.64,-7007.84,-12566.51,-17329.5
414,-8226.49,-3735.62,-5662.54,-5740.64,-7009.65,-12566.52,-17329.5
415,-8226.49,-3735.62,-5665.43,-5740.64,-7015.2,-12566.52,-17329.5
416,-8226.5,-3735.62,-5678.68,-5740.64,-7025.75,-12566.52,-17329.5
417,-8226.52,-3740.11,-5682.83,-5740.64,-7030.05,-12566.53,-17329.51
418,-8226.52,-3740.11,-5686.09,-5740.64,-7038.71,-12566.53,-17329.51
419,-8226.52,-3740.11,-5702.89,-5747.88,-7045.46,-12566.53,-17329.51
420,-8226.52,-3740.27,-5719.94,-5750.4,-7060.55,-12566.53,-17329.51
421,-8226.54,-3740.27,-5729.31,-5750.4,-7073.61,-12566.53,-17329.51
422,-8226.57,-3740.27,-5751.07,-5750.4,-7076.27,-12566.53,-17329.51
423,-8226.57,-3740.27,-5767.74,-5750.4,-7086.63,-12566.53,-17329.51
424,-8226.58,-3740.27,-5791.5,-5751.78,-7091.68,-12566.53,-17329.52
425,-8226.59,-3740.27,-5798.64,-5751.78,-7092.87,-12566.53,-17329.52
426,-8226.66,-3740.27,-5806.21,-5751.78,-7100.93,-12566.53,-17329.52
427,-8226.66,-3740.27,-5818.36,-5751.78,-7107.58,-12566.53,-17329.52
428,-8226.68,-3740.27,-5836.69,-5757.36,-7126.53,-12566.53,-17329.52
429,-8226.73,-3740.27,-5844.57,-5757.36,-7132.9,-12566.53,-17329.53
430,-8226.73,-3740.27,-5856.71,-5757.36,-7139.85,-12566.54,-17329.53
431,-8226.73,-3740.27,-5870.01,-5757.36,-7148.43,-12566.54,-17329.53
432,-8226.76,-3740.27,-5877.33,-5757.36,-7156.73,-12566.54,-17329.53
433,-8226.76,-3740.27,-5883.15,-5757.36,-7163,-12566.54,-17329.53
434,-8226.76,-3740.27,-5891.86,-5757.36,-7174.39,-12566.54,-17329.53
435,-8226.78,-3740.27,-5897.5,-5757.36,-7175.53,-12566.54,-17329.53
436,-8226.81,-3740.27,-5915.9,-5757.36,-7181.33,-12566.54,-17329.54
437,-8226.81,-3740.27,-5924.25,-5757.36,-7186.24,-12566.54,-17329.54
438,-8226.82,-3740.27,-5937.76,-5757.36,-7196.27,-12566.54,-17329.54
439,-8226.84,-3740.27,-5952.7,-5761.23,-7201.9,-12566.54,-17329.54
440,-8226.95,-3740.27,-5964.58,-5766.09,-7207.76,-12566.54,-17329.54
441,-8226.97,-3740.27,-5968.12,-5766.09,-7209.36,-12566.54,-17329.54
442,-8226.97,-3740.27,-5982.79,-5766.09,-7217.43,-12566.54,-17329.55
443,-8227.03,-3740.27,-5989.54,-5766.09,-7224.23,-12566.54,-17329.55
444,-8227.1,-3740.27,-5993.57,-5766.09,-7232.19,-12566.54,-17329.55
445,-8227.14,-3740.27,-6005.19,-5772.21,-7237.12,-12566.54,-17329.55
446,-8227.41,-3740.27,-6013.63,-5772.21,-7242.75,-12566.54,-17329.55
447,-8227.41,-3740.27,-6022.76,-5772.21,-7249.61,-12566.54,-17329.55
448,-8227.43,-3740.27,-6028.47,-5772.21,-7253.75,-12566.54,-17329.55
449,-8227.45,-3740.27,-6047.73,-5772.21,-7260.22,-12566.54,-17329.55
450,-8227.64,-3740.27,-6059.55,-5773.85,-7265.61,-12566.54,-17329.56
451,-8227.64,-3740.27,-6063.07,-5773.85,-7269.8,-12566.54,-17329.56
452,-8227.64,-3740.27,-6070.31,-5773.85,-7273.07,-12566.54,-17329.56
453,-8227.64,-3740.27,-6078.47,-5773.85,-7275.9,-12566.54,-17329.56
454,-8227.64,-3740.27,-6087.59,-5773.85,-7282.14,-12566.54,-17329.56
455,-8227.72,-3740.27,-6099.46,-5773.85,-7290.95,-12566.54,-17329.56
456,-8227.75,-3740.27,-6102.18,-5773.85,-7299.43,-12566.54,-17329.56
457,-8227.78,-3740.27,-6114.23,-5773.85,-7302.44,-12566.54,-17329.56
458,-8227.78,-3740.27,-6125.77,-5773.85,-7309.82,-12566.54,-17329.57
459,-8227.99,-3740.27,-6132.78,-5773.85,-7316.29,-12566.54,-17329.57
460,-8228,-3740.27,-6141.44,-5773.85,-7320.24,-12566.54,-17329.57
461,-8228.15,-3740.27,-6145.88,-5773.85,-7326.16,-12566.55,-17329.57
462,-8228.15,-3740.27,-6148.96,-5773.85,-7329.28,-12566.55,-17329.57
463,-8228.17,-3740.27,-6153.8,-5773.85,-7335.63,-12566.55,-17329.57
464,-8228.51,-3740.27,-6165.04,-5773.85,-7343.33,-12566.55,-17329.57
465,-8228.51,-3740.27,-6172.67,-5773.85,-7345.24,-12566.55,-17329.57
466,-8228.51,-3740.27,-6184.3,-5773.85,-7347.72,-12566.55,-17329.57
467,-8229.07,-3740.27,-6191.26,-5773.85,-7349.64,-12566.55,-17329.58
468,-8229.07,-3740.27,-6195.94,-5773.85,-7352.82,-12566.56,-17329.58
469,-8229.13,-3740.27,-6204.05,-5773.85,-7353.53,-12566.56,-17329.58
470,-8229.13,-3740.27,-6211.93,-5779.73,-7359.3,-12566.56,-17329.58
471,-8229.21,-3740.27,-6218.91,-5779.73,-7361.74,-12566.56,-17329.58
472,-8229.35,-3740.27,-6224.76,-5779.73,-7365.74,-12566.56,-17329.58
473,-8229.67,-3740.27,-6229.18,-5779.73,-7369.31,-12566.56,-17329.58
474,-8229.67,-3740.27,-6234.35,-5779.73,-7374.63,-12566.56,-17329.58
475,-8229.67,-3742.54,-6239.69,-5779.73,-7377.13,-12566.56,-17329.58
476,-8229.74,-3758.98,-6244.56,-5779.73,-7380.49,-12566.56,-17329.58
477,-8231.94,-3758.98,-6252.94,-5779.73,-7384.86,-12566.56,-17329.58
478,-8232.39,-3758.98,-6257.89,-5804.92,-7387.04,-12566.56,-17329.58
479,-8232.39,-3758.98,-6265.02,-5804.92,-7390.85,-12566.56,-17329.58
480,-8235.54,-3758.98,-6272.55,-5804.92,-7394.24,-12566.56,-17329.58
481,-8235.54,-3758.98,-6275.37,-5804.92,-7397.02,-12566.56,-17329.58
482,-8235.88,-3758.98,-6280.04,-5808.12,-7400.45,-12566.56,-17329.59
483,-8237.71,-3758.98,-6286.14,-5808.12,-7403.79,-12566.56,-17329.59
484,-8239.04,-3769.2,-6289.3,-5808.12,-7406.26,-12566.56,-17329.59
485,-8239.04,-3769.2,-6294.76,-5808.12,-7408.56,-12566.56,-17329.59
486,-8239.52,-3769.2,-6301.4,-5808.12,-7411.2,-12566.57,-17329.59
487,-8239.91,-3776.86,-6305.53,-5808.12,-7413.38,-12566.57,-17329.59
488,-8239.91,-3776.86,-6308.61,-5814.78,-7416.19,-12566.57,-17329.59
489,-8239.91,-3776.86,-6310.74,-5814.78,-7419.02,-12566.57,-17329.59
490,-8240.47,-3776.86,-6315.23,-5814.78,-7421.8,-12566.57,-17329.59
491,-8240.89,-3776.86,-6318.61,-5814.78,-7423.93,-12566.57,-17329.59
492,-8240.89,-3776.86,-6321.51,-5814.78,-7426.23,-12566.57,-17329.59
493,-8241.1,-3776.86,-6325.59,-5814.78,-7428.68,-12566.57,-17329.59
494,-8241.58,-3776.86,-6328.82,-5814.78,-7429.87,-12566.58,-17329.59
495,-8241.63,-3776.86,-6331.62,-5814.78,-7431.39,-12566.58,-17329.59
496,-8241.63,-3776.86,-6333.76,-5814.78,-7432.46,-12566.58,-17329.59
497,-8241.84,-3776.86,-6335.67,-5814.78,-7433.53,-12566.58,-17329.59
498,-8241.95,-3776.86,-6337.62,-5814.78,-7434.47,-12566.59,-17329.59
499,-8242.03,-3776.86,-6339.26,-5814.78,-7435.05,-12566.6,-17329.59
500,-8242.03,-3776.86,-6340.18,-5826.7,-7435.38,-12566.6,-17329.59
